price,address,area,bedrooms,toilets,floors,other_features
,,,,,,
,,,,,,
,,,,,,
,"trung tâm Quận 5, sát Quận 1, Quận 10.",,,,2.0,
,,,,,,
,,,4.0,,,
,,,,,3.0,
,"khá Vị trí, đường số 9, nằm giữa Ql1k và đường số 11, đi lại khắp nơi.",,3.0,,,
130.0,,425.0,,,6.0,
,"sát đường Phạm Văn Đồng, chợ Thủ Đức, con đường kinh doanh sầm uất, đa ngành nghề.",180.0,,,,
,nhà nằm gần trường cấp 2 Tứ Liên.,,4.0,,4.0,"4 tầng, cầu thang giữa mỗi tầng có 2 phòng, vệ sinh. Tổng có 4 phòng ngủ. Tầng 4 là phòng thời, khu giặt giũ, sân phơi."
,"nằm cách mặt phố 1 nhà, lõi Ba Đình, tiện ích ngập tràn, tuyến phố đẹp nhất Quận, vài bước chân ra Lotte, khách sạn Daewoo. Khu vực tập trung rất nhiều người Hàn Quốc, Nhật Bản sinh sống và làm việc.",,,,,
,"TT Quận 11, Trục Đường 32, MTKD đỉnh, Cho thuê thu nhập 100tr.th.",,,,,
5.95,,,,,6.0,"6 tầng, mỗi tầng 1 phòng khép kín"
,,,,,,
,,54.0,,,3.0,
,"khu vực kinh doanh sầm uất, tấp nập. Thích hợp xây cao ốc, văn phòng, khách sạn, showroom hoặc kinh doanh buôn bán .",,,,,
,,75.0,,,4.0,
,"Gần ngã tư bến cá,ngay hồ câu Quốc Thịnh. Cách đường hương lộ 7 khoảng 100m",,3.0,,,
,,75.0,,,,
,"trung tâm quận Đống Đa ngõ thông tứ tung, di chuyển đi đâu cũng tiện, an ninh cực tốt.",,,,4.0,
,,,,,,
,,,,,3.0,
,,37.0,,,,
,,30.0,,,5.0,
,,,,,,
,đẹp rất nhiều nhà hàng khách sạn các tiện ích đầy đủ không thiếu thứ gì.,,,,6.0,
,,,,,4.0,
16.0,"cực đẹp, nhà phố riêng biệt nằm trong khu Biệt Thự cao cấp Q2 nên rất an ninh.",,,,,
,"giao thông thuận tiện,dịch vụ tiện ích đầy đủ, gần trường học các cấp, gần chợ, đại học....",,3.0,,,
,"Khu VIP trung tâm Ba Đình, ngõ to rộng ô tô ra vào thoải mái, nhà cách ô tô dừng đỗ 70m, cách mặt phố 150m, 500m ngay LOTTE Liễu Giai, Hồ Tây hóng gió.",,,,5.0,
,,,1.0,,,
,,,,,,
,"gần trường học  mầm non, gần chợ, gần siêu thị,....",55.3,,,,
,,,,,,
15.8,"gần công viên Cao Đức Lân, tiện di chuyển, thích hợp làm văn phòng hay ở",,,,,
,,138.0,,,,
,,57.0,,,4.0,
,"giao thông thuận tiện tương lai tuyến Mettro đi qua, chợ vải Tân Bình, Quận 10 Quận 3 Quận 1 kế",,,,,
,,,,,,
,,31.0,,,3.0,
,,36.0,,,4.0,
,,80.0,,,,
,"như trên hình, vừa đất, vừa nhà mà giá chỉ từ 1,9 tỷcăn, bao gồm",,,,,
,,,,,,
,,,,,,
,,,,,4.0,
,"Đẹp, đường nhựa trước nhà 12m, vỉa hè 3m, cách mặt tiền đường Phạm Hùng chỉ vài bước chân, gần cầu Chánh Hưng, thông ra khu dân cư Cao Lỗ, xe cộ ra vào nhộn nhịp, tiện lưu thông qua các tuyến đường và các Quận lân cận.",,,,,
,,,,,,
,"Mặt tiền đường 12m, gần đường Phạm Hùng, cầu Chánh Hưng, thông ra đường Cao Lỗ, xe cộ ra vào tấp nập, tiện lưu thông qua các Quận tiếp giáp.",,,,,
,,52.9,,,,
,"cách Hương Lộ 45 khoảng 300m, cách thôn Trung Vĩnh Phương 500m, cách sông 300m, cách chợ Vĩnh Phương 1.4km, cách trường tiểu học Diên Phú 1.7km,...",83.6,,,,
,"cách sông 200m, cách bệnh viện đa khoa 750m, cách siêu thị 900m, cách đường Cầu Dứa Phú Nông 200m, cách chợ Vĩnh Ngọc 1.3km, cách trường Quốc Tế 600m,...",58.3,,,,
,,,,,,
,,,,,5.0,
,"Trung tâm quận Tân Phú, trên mặt đường Trường Chinh, gần Chế Lan Viên, Cộng Hoà, Tân Kỳ Tân Quý, Tân Sơn Nhì.",,,,2.0,"2 tầng, 2PN, 2WC, thiết bị điện nước mới tinh, máy năng lượng mặt trời mới lắp, máy lạnh xịn, chủ tặng hết nội thất, nhà mới đẹp xách vali vào ở thôi ."
,"trung tâm của khu vực, đường thông ngõ thoáng, cách ô tô tránh 10m rất thuận tiện",30.0,,,,
,"trung tâm kinh doanh, văn phòng ở cực sướng. Tiện ích xung quanh nhà chỉ vài bước chân.",50.0,4.0,,6.0,
,,87.0,,,,
8.1,,48.0,,,5.0,
,"nhà hẻm 1 sẹc đường Bùi Quang Là, phường 12, Gò Vấp, sát mặt tiền.",94.0,3.0,,3.0,"3 tầng, 3 phòng ngủ, 4WC, sân thượng, xe hơi ngủ trong nhà"
,,,,,5.0,"5 tầng, 3 ngủ, mặt tiền 7,1m"
,,,,,4.0,
,,,,,,
,,,,,,
,,,4.0,,4.0,
,,,,,6.0,
,,,3.0,,,
13.0,,,,,,
,,,2.0,,,
,,,2.0,,,
,,,,,,
,"ngay gần ngay Đại học Ngân Hàng, ĐH Sư Phạm Kỹ Thuật, luôn kín phòng",,,,,
,,,,,,
,,40.0,,2.0,,
,,,,,3.0,
,,48.0,,,,
,"thuận tiện, gần đường sắt trên cao, cách 300m ra tới bến xe Yên Nghĩa, trường cấp 123",30.0,,,5.0,
,,,3.0,,,
,đẹp hiếm nhà bán kinh doanh gì cũng có thu nhập.,140.0,7.0,,3.0,
,,,,,6.0,
,,,,,4.0,
,,,,,2.0,"2 tầng, 1 lửng đầy đủ công năng sử dụng, pk, khu bếp, 2 ngủ, 2 wc, khu giặt phơi phóng đầy đủ."
,,58.0,4.0,,5.0,"5 tầng, 4 phòng ngủ, sân thượng trước, sau, xe hơi ngủ nhà. Nhà còn mới vào ở ngay."
,,,1.0,,,
4.55,,,,,,
16.0,"cực đẹp, nhà phố riêng biệt nằm trong khu Biệt Thự cao cấp Q2 nên rất an ninh.",,,,,
,,50.0,,,5.0,
,ngay gần sông SG  Cầu Bình Triệu  Vòng xoay Bình Triệu,,,,,
,"mặt tiền kinh doanh cạnh Lũy Bán Bích, gần Đầm Sen, Q6, Q11,..",,,,,
,"sát bên KDC Nam Long, gần Nhà thi đấu đa năng Quận 7, trường cấp 123, Trung cấp nghề Nguyễn Hữu Cảnh..., Bệnh viện Quận 7",,4.0,,3.0,
,"gần công viên Làng Hoa, UB phường 8, trường THPT Nguyễn Công Trứ, thông Nguyễn Văn Khối.",53.0,3.0,,5.0,
,,,,,,
,,,2.0,,,
,,,,,,
,"đẹp , gần trường học , gần chợ Xóm Tiêu",,,,,
,,,2.0,,,
,,,4.0,,4.0,"4 tầng, xây dựng kiến cố, chắc chắn, tổng có 4 phòng ngủ, phòng khách, bếp"
,,,,,4.0,
21.5,"đẹp nhất Hoàng Như Tiếp, gần bệnh viện Tâm Anh, khu vực cực sầm uất, kinh doanh đắc địa",,,,,
15.5,"hàng xóm Vinhomes Riverside, khu đô thị mới Việt Hưng rất sầm uất, thông các tuyến phố Chu Huy MânViệt HưngSài Đồng, gần trụ sở công an quận Long BiênUBND quận Long BiênBệnh viện đa khoa Đức Giang",,,,5.0,
8.0,"khu vực Nguyễn LamChu Huy MânMai Phúc, hàng xóm Vinhomes Riverside, cách cầu Vĩnh Tuy 1km",,,,,
2.7,,,3.0,3.0,4.0,"4 tầng, Ngang 4m"
,,,,,,
,"gần Nguyễn Văn Khối, trường Tiểu học An Hội, THCS Phạm Văn Chiêu. Thuận tiện đi vào các quận Tân Bình, Tân Phú, 11, 12, v.v.",50.0,3.0,,,
,"mặt tiền đường Số 4 phường 11 Gò Vấp. Thuận tiện giao thông, vừa ở vừa kinh doanh.",42.0,3.0,,4.0,
,"ngay chợ Phạm Văn Hai nhộn nhịp, gần Q.10, Phú Nhuận.",,,,,
,,,,,,
,,,,,4.0,"4 tầng, móng 6 tầng"
,,,,,,
,,47.0,,,6.0,
,"kinh doanh thỏai mái, chủ lúc trước cho thuê làm văn phòng, vừa ở vừa cho thuê thỏa mái.",,,,,
,,,,,3.0,
,,,,,5.0,
,,,,,5.0,"5 tầng, thiết kế hiện đại, được xây dựng chắc chắn, gồm các phòng ngủ, phòng khách, phòng ăn, bếp, wc, khách mua chỉ việc sách vani về ở."
,"nhà nằm tại tuyến đường Giáp Bát, gần với các tuyến đường Trương Định, Kim Đồng, Tân Mai, Minh Khai, Trường Chinh, gần ngay KĐT Pháp Vân, bx Nước ngầm, KĐT Linh Đàm với cơ sở hạ tầng giao thông thuận tiện của Q. Hoàng Mai gồm nhiều trường học Bách khoa,Xây dựng, Kinh tế, bệnh viện Bạch Mai, mắt Trung ương, Thanh Nhàn và tiện ích xung quanh TTTM Time city",,,,4.0,
,,,,,4.0,
,,100.0,,,,
,,66.0,,,,
,,,,,,
,,,,,,
,,,,,3.0,
,,100.0,,,,
,"Mặt tiền đường xe tải thông các hướng ra đường Tô Ngọc Vân, QL 1A . Ngay Cty Điện lực Thủ Đức, cây xăng Tam Bình...........",,,,,
,,,,,,
,,,3.0,,,
,"Gần uỷ ban,chợ,cách đường Bùi Hữu Nghĩa khoảng 60m",,3.0,,,
,,,,,,
,"Gần trường tiểu học Hiệp Hoà,cách đường Đỗ Văn Thi Khoảng 200m",,2.0,,,
,"đắc địa kinh doanh cực tốt ngay gần Đường Mai Hăc Đế, ,chợ Hà Thân.",58.0,,,,
,"sau lưng Gigamall 50m, cách Phạm Văn Đồng chỉ 200m",,,,,
,"đẹp gần võ nguyên giáp, biển mỹ khê. Chợ bắc mỹ an, ks pull man, Furama, Village.",100.0,,,4.0,
,,,,,,
,,,,,5.0,
,,75.0,,,4.0,
,,96.0,,,,
,"sát mặt tiền, cách hẻm xe hơi 10m, gần chợ, trường học, Ủy Ban Nhân Dân Phường, tiện ích xung quanh không thiếu gì, giáp Tân Bình, Quận 11.",,,,,
,,47.0,,,4.0,
,,,4.0,,2.0,"2 tầng, 4 phòng ngủ, phòng thờ, sân phơi đầy đủ."
,"sát mặt tiền, cách hẻm xe hơi 10m, gần chợ, trường học, Ủy Ban Nhân Dân Phường, tiện ích xung quanh không thiếu gì, giáp Tân Bình, Quận 11.",,,,,
,"sát mặt đường Võ Chí Công, ra Hồ Tây , quảng trường 2 con rồng vài trăm mét.",,,,3.0,
,,,1.0,,6.0,
,,,4.0,,,
,,,4.0,,4.0,"4 tầng, diện tích rộng rãi như khu liền kề đô thị mới, thiết kế khoa học, gồm 4 phòng ngủ, khòng khách, bếp, wc"
,"gần siêu thị, chợ, trường học các cấp, bệnh viện, công viên Làng Hoa, dịch vụ tiện ích xung quanh bao la. Thuận tiện giao thông.",55.0,4.0,,4.0,"4 tầng, 4 phòng ngủ, 5WC."
,,,3.0,,,
,,,,,,
,,75.0,,,4.0,
,khoảng 100m ra mặt tiền. Hẻm 1 trục thẳng dễ tìm nhà,82.0,,,2.0,
,khoảng 100m ra mặt tiền. Hẻm 1 trục thẳng dễ tìm nhà,82.0,,,2.0,
,,,5.0,,4.0,
4.4,,44.0,,,4.0,
2.0,,,,,,
,,,,,,
,"đắc địa, đường rộng vỉa hè 2 bên kinh doanh đa dạng",,,,,
,,40.0,,,3.0,
,,,,,,
,,,,,,
,,,4.0,,4.0,"4 tầng, chủ tự xây, khung cột chắc chắn, bao gồm 4 phòng ngủ, phòng khách, bếp, wc, phòng thờ, sân phơi, đáp ứng đầy đủ cho một gia đình 3 thế hệ."
,"mặt phố Cổ Linh, cách Aeon Mall, cầu Vĩnh Tuy 500m",,,,,
,,,,,,
,,,,,4.0,"4 tầng, thiết kế rất hiện đại và tiện nghi, đáp ứng mọi nhu cầu của gia đình, các phòng được bố trí khoa học, tiện lợi gồm các phòng ngủ, phòng khách, bếp, wc"
,trung tâm tiện ích xung quanh đầy đủ,,3.0,2.0,,
,,,,,5.0,
,"đẹp lung linh  đường xe tải dừng đỗ vào nhà nếu muốn , khu vực cực kì phát triển .",,,,,
,,,1.0,,7.0,
,,,,,4.0,
,,,,,,
,,,,,,
,"gần cầu thuận phước, chợ mai, trường học, ubnd.",110.0,3.0,,,
,,,,,4.0,
,,,,,,
,,,,,4.0,
,"Phan Đình Phùng, Phường 1, Phú Nhuận",,,,,
,,,,,4.0,
3.5,"Trần Kế Xương, Phường 7, Quận Phú Nhuận.",,,,3.0,
,,40.0,4.0,,3.0,
,"nhà hẻm, đường Quang Trung Phường 11 Gò Vấp, gần chợ  Nhà thờ Hạnh Thông Tây, siêu thị Coopmart, CA  Bệnh viện Quận, trường học các cấp, khu vực không lo thiếu dịch vụ tiện ích.",66.0,,,,
,"hẻm an ninh, sạch sẽ, gần mặt tiền Thạch Lam, ngay khu bàn cờ Thạch LamLê KhôiĐỗ Bí,.",,,,,
,"hẻm an ninh, sạch sẽ, gần mặt tiền Thạch Lam, ngay khu bàn cờ Thạch LamLê KhôiĐỗ Bí,.",,,,,
4.4,"đẹp, khu vực trung tâm, cách mặt phố Trần Phú 100m.",34.0,,,3.0,
,"quá đỉnh, cách ô tô 100m, ba phút đi bộ ra nhà Văn hóa, sân bóng, Chợ, Trường hích..,",,,,,
,trước nhà ngõ rộng ba gác đậu cửa cách phố vài bước chân.,,2.0,,,
,"hẻm 3 gác Lũy Bán Bích, gần Đầm Sen, UB Quận,..",,,,2.0,
,"hẻm 3 gác Lũy Bán Bích, gần Đầm Sen, UB Quận,..",,,,2.0,
,,90.0,,,,
,,,,,,
,,,3.0,,5.0,
,,,,,5.0,"5 tầng, 32m2, cách mặt phố 3m, sổ mặt phố, siêu hiếm"
,"Ngõ ba gác đua, cách ô tô tránh 30m, kinh doanh nhỏ như gội đầu làm nail... đi bộ hơn trăm mét ra Rạp Xiếc TW, 200m Công viên Thống Nhất  Hồ Bảy Mẫu.",,,,5.0,
,,,,,,
,"đẹp đông đúc người qua lại, thuận lợi cho thuê làm văn phòng, kinh doanh buôn bán đa ngành nghề..",,,,,
,,,3.0,,4.0,"4 tầng, chủ tự xây nên rất chắc chắn, gồm 3 phòng ngủ rộng, phòng khách, bếp, phòng ăn, đầy đủ công năng sử dụng."
,"Gần cầu Hiệp Hoà,cách đường Đỗ Văn Thi Khoảng 200m",,3.0,,,
,"Gần KDL Bửu Long,cách đường Huỳnh Văn Nghệ khoảng 300m",,,,,
,"gần trường cấp 1,2,3 Phú Thượng, cận kề đường đôi khu đô thị mới Ciputra, The Sunshine. Nhà gần chợ đầy đủ tiện ích, không gian quanh nhà yên tĩnh do mật độ dân cư không quá đông đúc, các nhà xung quanh đều rất rộng và có vườn.",,5.0,,5.0,
,,,,,4.0,
,,,,,5.0,
,,,4.0,,3.0,
8.71,,,4.0,5.0,,
,,161.0,,,,
,,,,,,
,,,,,,
,,,,,,
,"nằm ngay 2 tuyến phố lớn Hào Nam và Giảng Võ, khu vực trung tâm quận.",,4.0,,5.0,
,"Hẻm trước nhà 3m, cách đường Bùi Minh Trực 50m, gần chợ Sáng, cầu Nhị Thiên Đường, tiện lưu thông qua các tuyến đường và các Quận tiếp giáp.",,,,,
,"Mặt tiền đường rộng 8m, cách mặt tiền đường Tạ Quang Bửu 30m, gần chung cư Giai Việt, cầu Chánh Hưng, tiện lưu thông qua Quận 1, 4, 5, 10, chỉ mất vài phút.",,,,,
,,,2.0,,,
,,,,,,
,,,,,5.0,
,"MTKD Tân Phú, khu vip, công năng, tiện ích bao quanh, đâu tư, kinh doanh, cho thuê DV, giá siêu rẻ.",,,,,
,"nhà hẻm đường Số 21 phường 8 Gò Vấp, gần trường cấp 3 Nguyễn Công Trứ, trường cấp 1 Lương Thế Vinh.",37.0,4.0,,4.0,"4 tầng, 4 phòng ngủ, đầy đủ công năng sử dụng. Nhà còn mới vào ở ngay."
,,,,,4.0,
,,,,,,
,"cách mặt tiền đường Nguyễn Văn Khối khoảng 30m, khu vực dân cư đông đúc, nhiều dịch vụ tiện ích. Gần công viên Làng Hoa, siêu thị Bách Hóa Xanh, trường học các cấp, chợ Hạnh Thông Tây, Bệnh viện Quận  Hồng Đức, CA, UB, v.v.",52.0,5.0,,4.0,"4 tầng, 5 phòng ngủ"
,,,2.0,2.0,,
,,,2.0,3.0,,
,"Toạ lạc ngay Tân Kỳ Tân Quý  Gò Xoài, thông Lê văn quới, kết nối Tân phú, khu vip Aeon rất gần.",,,,,
,,,2.0,,,
,,,,,5.0,
,"đẹp miễn chê, ngay góc công viên Dương Quảng Hàm.",,,,,
,,,,,4.0,
,,,,,,
,đẹp thuận tiện Kinh doanh..,,,,,
,,,,,,
,,,,,,
,,,,,,
,"gần UBND, đồn Công An, trường cấp 1,2,3.",,4.0,,4.0,
,,,4.0,,4.0,"4 tầng, được thiết kế hiện đại, cực kỳ tiện nghi, gồm 4 phòng ngủ đẹp, phòng khách, phòng ăn, bếp, vệ sinh"
5.0,,,,,,
,,,4.0,,4.0,
,"vip, mặt ngõ HỒNG MAI thông với Bạch Mai AN SINH ĐỈNH, thoáng mát sạch đẹp.",,,,,
,"cách đg tròn Điềm thụy 700m, cách kcn Điềm Thụy 1km, gần chợ, gần trường học, gần UBND xã, gần trạm y tế",,,,,
,,,,,4.0,"4 tầng, chủ tự xây dựng rất tâm huyết, ở được vài năm, nay muốn bán để chuyển ra mặt phố, tiện cho việc kinh doanh của gia đình."
,,,,,3.0,
,,,,,,
,,,1.0,,2.0,
,,,,,5.0,
,"gần mặt tiền đường Lê Văn Thọ, khu vực dân cư đông đúc, đầy đủ dịch vụ tiện ích chợ, trường, hàng quán, v.v.",57.0,3.0,,,
,"gần ngã tư Minh Mạng, Lê Văn Hiến, gần biển sơn thủy.",100.0,,,5.0,
,,,,,,
,,,2.0,2.0,,
,,,,,,
,,,,,,
,,,2.0,,,
,,,,,,
,,31.0,,,,
,,31.0,,,,
4.2,,30.0,,,5.0,
,,,,,,
,,,,,4.0,"4 tầng, chủ tự xây, khung cột chắc chắn, gồm các phòng ngủ, phòng khách, bếpăn, vệ sinh"
,,,,,,
,"mặt tiền kinh doanh cạnh Lũy Bán Bích, gần Đầm Sen, Q6, Q11,..",,,,,
,"nhà nằm tại tuyến đường Bạch Mai gần với các phố Minh Khai, Đại La Trần Đại nghĩa, Trường Chinh, Trần Khát Chân, sát cạnh quận Hoàn Kiếm, Hoàng Mai, Thanh Xuân",,,,5.0,
,,,,,5.0,
,,,,,4.0,
,,,,,5.0,
,,,,,5.0,
,"Gần uỷ ban phường,ngay khu cư xá phúc hải,cách đường Nguyễn Ái Quốc khoảng 500m",,2.0,,,
,,,,,,
,,,,,5.0,
,,,,,5.0,
3.0,,89.0,,,5.0,
,"thuận tiện, gần trường ĐH Công nghiệp, Học viện Khoa học quân sự, Đầu tuyến tàu trên cao Nhổn  Ga Hà Nội",,,,4.0,
,,,,,2.0,
52.5,,,,,2.0,
,,,,,,
,,,4.0,,,
,,,,,,
,"ngay Chợ Phan Anh, giáp Ngã Tư Bốn Xã, Tân Phú, Q6, Quận 11, trường học, ngân hàng, bệnh viện,.",,,,,
,hẻm 20 đường số 4 Phường Linh Tây TP.Thủ Đức  Ngay trụ sở khu phố 3,,3.0,,,
,,,1.0,,,
,,,,,,
,,,,,,
,"ngay Chợ Phan Anh, giáp Ngã Tư Bốn Xã, Tân Phú, Q6, Quận 11, trường học, ngân hàng, bệnh viện,.",,,,,
,,,,,2.0,
,,,4.0,,4.0,
,"đẹp, phù hợp , văn phòng, spa, tóc, nail",,,,,
,,,,,,
,,,,,,
,"siêu đẹp, mấy bước chân ra ô tô dừng đỗ, bãi ô tô gần nhà.",,,,3.0,"3 tầng, diện tích 30m2 tại La Phù Hoài Đức"
,,,,,,
16.0,,,6.0,,,
,,,,,,
,,,2.0,,,
,,200.0,,,,
,"Mặt tiền Đường Cầu Kinh, Lô Góc thêm Mặt tiền Võ Trần Chíđường dẫn Cao Tốc Trung Lương. Gần khu Tên Lửa. Tiện di chuyển vê Miền Tây...,",,,,2.0,
,"mặt tiền đường số 4, khu công nghiệp Tân tạo, sát đường trần văn giàu và nguyễn cửu phú",,4.0,,,
,,,1.0,,,
,,,2.0,,2.0,
,"Ngay Aeon Tên Lửa, 5 phút qua trung tâm.",,,,,
,"Đường số 16 trung tâm khu dân cư Tên Lửa, KD sầm uất.",,,,,
,"sát hẻm 8m Lê Đình Cẩn, Tân Tạo, Bình Tân.",,,,,
,,,1.0,1.0,2.0,"2 tầng, 1 trệt 1 lầu, 1 phòng ngủ, 1 toilet."
,,,,,4.0,"4 tầng, vuông vắn, đủ công năng."
,"đẹp, mặt tiền nhựa Tân Bình, kinh doanh đa nghành nghề, gần Phạm Văn Bạch, Hoàng Bật Đạt.",,2.0,,,
,,,,,,
4.6,"Khu dân cư an ninh, dân trí cao, văn minh, sạch sẽ.",,,,,
,,,,,,
4.7,"Khu dân cư an ninh, dân trí cao, văn minh, sạch sẽ.",,4.0,5.0,,
,"nhà gần chợ, trường học giao thông thuận tiện nơi tập trung đông sinh viên thuê.",,,,5.0,
,trung tâm đẹp nhất Phú Quốc,,,,,
10.5,"Khu dân cư an ninh, dân trí cao, văn minh, sạch sẽ.",,,,,
,"Đắc địa, mặt tiền đường 16m, thông tứ hướng, gần bệnh viện Quận 8, trường ĐH Công Nghệ SG, lưu thông dễ dàng qua các tuyến đường và các Quận lân cận.",,,,,
,"Hẻm trước nhà gần 4m, cách hẻm xe hơi chỉ vài bước chân, thông nhiều hướng, gần TTTM, trường học Quốc Tế, xe cộ tiện ra vào, lưu thông dễ dàng sang các Quận tiếp giáp.",,,,,
4.5,"Khu dân cư an ninh, dân trí cao, văn minh, sạch sẽ.",,,,,
,,,,,,
,"gần trường Thủ Đức , chợ Bắc Ninh , Vincom Thủ Đức , Sư phạm kĩ Thuât...",65.0,,,,
4.35,"Khu dân cư an ninh, dân trí cao, văn minh, sạch sẽ.",,,,,
,"Hẻm 3m, 1 xẹc ngắn gần chợ Tân Trụ, gần Trường Chinh,",74.0,,,,
,,,,,4.0,
,"ngay Luỹ Bán Bích, CV Đầm San Park, giáp Tân Bình, thuận tiện di chuyển vào trung tâm.",76.0,,,,
,,,,,,
,,,,,,
,Khu vực Hồng TiếnNguyễn Văn CừHoàng Như Tiếp,,,,5.0,"5 tầng, 6 ngủ khép kín, dòng tiền 50trtháng"
,"đẹp, đường 12m vài bước chân ra Đường số 7 mọi dịch vụ nhà hàng, văn phòng, công ty... khách sạn kinh doanh tốt doanh thu 120 triệu 1 tháng đường số thông, an ninh.",,,,,
,"ngay khu Vip Quận Bình Tân, khu vực sầm uất kinh doanh đỉnh. , ,",,,,,
10.5,"khu vực Ngọc Thuỵ, cách Mipec Long Biên, cầu Long Biên 500m",,,,5.0,"5 tầng, 4 ngủ, ô chờ thang máy"
,"đẹp, kinh doanh sầm uất, đi bộ xuống bãi biển",,5.0,,,
,"Đường số 12 song song với đường vành đai trong, trung tâm KDC Tên Lửa,",,,,,
,,,3.0,,2.0,
,,,,,,
,,,,,,
,,,,,,
,,,2.0,,,
,"Phường 8, Gò Vấp, gần Lê Văn Thọ, Nguyễn Văn Khối.",,2.0,,,
,,,,,,
,đẹp cho thuê hoặc kinh doanh làm văn phòng.,,5.0,5.0,5.0,
,,,,,,
,,,,,,
,,,,,,
,,90.0,,,4.0,
,,,6.0,,,
,,,4.0,,,
,,,,,,
,,59.0,5.0,4.0,5.0,
,,,3.0,,,
,,80.0,,,5.0,
,,70.0,,,,
,"giáp Tân Sơn Nhì, Nguyễn Cửu Đàm khu Vip Tân Phú.",,,,,
,,,1.0,,5.0,
,,,,,,
,,,6.0,,5.0,
,,90.0,,,3.0,
,"trung tâm cách đường Nguyễn Văn Trỗi, cầu Công Lý 100m",,4.0,,,
,"giao thoa kết nối đi Hà Nội, Hải Phòng, Sân bay Nội Bài.",,,,,
,nhà ở hẻm 49 đường số 47 Phường Hiệp Bình Chánh Thủ Đức,,,,,
,,,,,,
,,,,,,
,,,,,,
,,,,,,
,,,,,,
7.0,,,,,3.0,
,,,,,,
,,,,,5.0,
,,,,,5.0,
,,45.0,,,5.0,
,,,,,,
5.0,"đẹp cách mặt tiền Bùi Văn Hoà tầm 50m. hẻm thông rộng 2 xe hơi, khu quân đội an ninh tốt",,,,,
,,,,,,
,,,,,5.0,
,,,2.0,,,
,,,,,,
,,88.0,3.0,,3.0,
,,,,,,
,"rất đẹp ngay khu Công Nghệ Tân Bình, Aeon Mall Tân Phú, sân bay 15p.",64.0,,,,
,"ĐẸP , DÂN TRÍ THÂN THIỆN , AN NINH TỐT , CÁCH VÀI BƯỚC CHÂN RA MẶT TIỀN THỐNG NHẤT SẦM UẤT",,,,,
,"đẹp, hẻm xe hơi, gần Chợ Hạnh Thông Tây, siêu thị Coop Martkimuyen4.75",,,,,
,,,,,,
,"đẹp, giao thông thuận lợi",,2.0,,,
,,,,,,
,,,,,,
,,,3.0,2.0,,
1.1,"ngay ngã tư Kim Ngưu, Trần Khát Chân lên Lò Đúc, gần viện Thanh Nhàn, các trường ĐH Kinh tế, Kinh doanh Công nghệ, Bách Khoa,...",,3.0,,,
,"nằm trục đường Hương lộ 2, Bình Trị Đông nối dài Thoại Ngọc Hầu đi thẳng đến các Quận trung tâm như Q10, Tân Phú, Q11.",,4.0,,,
,,,2.0,,,
4.0,kinh doanh hẻm 7m đẹp,,,,,
,,,,,,
,,,,,,
,,,,,3.0,
,,,,,,
,,,,,,
,,,,,,
,,,,,,
,"hẻm xe hơi đỗ cửa gần nhà trẻ, trường học các cấp 1,2,3 Minh Khai, Thông Tây Hội, Nguyễn Công Trứ siêu thị CoopMart, bệnh viện Gò Vấp, Hồng Đức, chợ Lê Văn Thọ, nhà thờ, chợ đêm Hạnh Thông Tây, công viên Làng Hoa Tiện ích cuộc sống vây quanh.",50.0,,,,
,và tiện ích xung quanh,,3.0,,2.0,
,,,,,,
,"Nguyễn Thượng Hiền, F5, Bình Thạnh cách mặt tiền 150m thuận tiện di chuyển đi các quận khác",18.0,,,3.0,"3 tầng, hẻm xe máy 24m"
,,,,,,
,,,,,5.0,
,,,,,,
,,,,,,
,"ngay CV Hoàng Văn Thụ, Nguyễn Văn Trỗi, Phổ Quang. Nút giao thông thuận tiện đi các hướng.",,2.0,,,
,,,2.0,,5.0,
,"siêu đẹp gần ngã tư Minh Khai Bạch Mai, tiện ích dùng mãi không hết.",40.0,,,5.0,
,"đắc địa, thóang đãng. Nội thất đầy đủ, khách mua ở sướng.",,,,5.0,"5 tầng, 30m, tổng 3 ngủ rộng, chủ xây tâm huyết. Khu vực hiếm nhà bán"
,"mặt tiền kinh doanh, ngay Lê Trọng Tấn, thông Tân Kỳ Tân Quý, Đại Học Công Thương TPHCM.",120.0,,,,
,,,,,,
,,,,,,
,,,,,,
,,,,,4.0,"4 tầng, 4 ngủ."
,,,2.0,,,
,"Nhà ngay gần Ngã Tư Sở, ba bước ra đường ô tô tránh",,,,5.0,
,"Nhà ngay gần KĐT Định Công, ba bước ra Vành Đai 2.5",,,,4.0,
,"đẹp, ô tô 5 tạ đỗ cửa, giao thông thuận tiện, dân trí cao, an cư đỉnh",,4.0,,4.0,"4 tầng, có 4 phòng ngủ, full nội thất hiện đại xịn xò, chỉ cần về ở."
,Khu vực Giang Văn MinhKim MãĐội Cấn,,,,,
,"khu vực Cổ LinhTư Đình, trước nhà ôtô tránh, cách Aeon Mall Long Biên 700m",,5.0,,4.0,"4 tầng, 5 ngủ khép kín, sân vườn thoáng mát, ô chờ thang máy"
,gần chợ Mỹ Nga Khu dân cư đông đúc.,,,,,
,,,,,2.0,
,"gần UB phường 9. Đường Số 3 thông Nguyễn Văn Khối, Pham Văn Chiêu, cắt ngang đường Số 9 thông ra Lê Văn Thọ.",42.0,2.0,,3.0,"3 tầng, gồm 1 trệt 2 lầu với 2 phòng ngủ, 2 WC, sân thượng. Nhà thoáng mát. Đường trước nhà 4m."
,,,2.0,,5.0,
,,,,,,
,,55.0,,,,
,,,,,,
,,,,,,
,"cực đẹp, cực hiếm, không có căn thứ 2 với giá như này",,,,,
,,,,,,
,,,,,,
,,,,,,
,cách mặt tiền đường chính 50m.,42.0,2.0,,2.0,"2 tầng, phòng khách, bếp, 2 phòng ngủ, 2WC."
,,,,,,
,,,,,,
,"gần Ngã Tư Hàng Xanh, các trường dh lớn, đầy đủ tiện ích.",82.0,,,3.0,
,"đẹp nhất khu vực , kinh doanh sầm uất , Hai Làn Ô Tô Chạy , Khu Vực dân cư đông đúc .",,,,,
,,,15.0,,,
3.4,,,,,4.0,"4 tầng, công năng đầy đủ, về ở ngay"
6.6,,,,,4.0,"4 tầng, công năng đầy đủ, về ở ngay đón tết"
,,,1.0,,,
,"nhà rất đẹp, trước nhà xe 3 gác vào được.Ô tô đỗ cách cửa 10m Tiện ích bạt ngàn, gần bệnh viện y hà nội, bệnh viện bạch mai, các trường đại  học....",,2.0,,,
,"Khu dân cư đông đúc, phù hợp vừa ở vừa cho thuê, tiện mở VP Cty, Spa, Bida, Trung tâm thể dục thể hình........",,,,,
,,,,,,
,,,,,,
,,,,,4.0,"4 tầng, diện tích 43m2, ô tô nhỏ lùi cửa."
,,,,,6.0,
,"Huỳnh Văn Bánh, F11, Phú Nhuận cách mặt tiền 120m di chuyển tới Sân bay 5p",58.0,,,4.0,
,,,,,,
,,,,,,
,,56.0,,,,
,,,,,,
,,,,,,
,,,,,4.0,
,"gần chợ Lê Văn Quới, khu vực đồng bộ nhà cao tầng.",,,,,
,,,,,,
,,,,,,
,,,,,,
,,,,,,
,,,2.0,,5.0,
,,,3.0,,,
,,,3.0,,,
,,,,,,
2.0,,,4.0,5.0,,
,,,,,,
,,,,,,
,"đắc địa ngay Aeon Mall Tân Phú, trường học các cấp, giáp Tân Bình, sân bay 15p.",76.0,,,,
,,,,,,
,"đẹp buôn bán tốt,nằm trên trục đường Shophouse của Hoàng Huy Mall, đi bộ sang viện y học biển.",50.0,,,3.0,
,,42.0,3.0,,3.0,
,,,,,2.0,"2 tầng, 1 trệt và 1 lầu đúc giả tiện mới xây."
8.7,,,,,4.0,
,,,1.0,,,
,mặt tiền Đường nguyễn thị Nhung  35m Khu Đô Thị vạn Phúc city Tp Thủ Đức,,,,5.0,
,,,,,,
,,,,,,
,"sầm uất, thông ra đường số 9, đường số 10, gần Chợ Linh Trung, Nhà hàng Nai Vàng, Bệnh Viện Thủ Đức. Tiện ích xung quanh đầy đủ.",,,,,
,,,2.0,2.0,2.0,"2 tầng, 2 phòng ngủ, 2 toilet,"
,,,,,,
,,,5.0,,,
,"Mặt tiền đường 10m, sát bệnh viện Quận 8, trường ĐH Công Nghệ SG, thông ra đường Phạm Thế Hiển, xe cộ dễ dàng lưu thông qua các quận lân cận.",,,,,
,"Đẹp, đi bộ ra bến xe Mỹ Đình, nhà trung tâm của trung tâm, 40m ra chợ, 80m là đến bến xe Mỹ đình, bạt ngàn tiện ích...",,,,4.0,
,"Đẹp, hẻm xe hơi chạy tới nhà, cách mặt tiền đường 70m, gần bệnh viện Nguyễn Tri Phương, sau UBND Quận 5, xe cộ thuận tiện ra vào, di chuyển dễ dàng sang các tuyến đường và các Quận lân cận.",,,,,
,,,4.0,,5.0,
,"cực đẹp, lô góc 2 mặt, ngõ nông, thông thoáng, ôtô đỗ cửa, cách phố 30m.",,,,3.0,
,,,,,,
,"Gần bệnh viện 7B,cách đường Nguyễn Ái Quốc khoảng 80m",,4.0,,,
,Nằm cách đường Nguyễn Thành Đồng khoảng 30m,,3.0,,,
22.5,,,,,,
,,,,,,
,"NE4, Phường Chánh Phú Hòa, Thị xã Bến Cát, Tỉnh Bình Dương",,,,,
,"Thẳng 1 trục ra mặt tiền Cầu Bưng, Lê Trọng Tấn, Bình Hưng Hòa, Bình Tân.",,,,,
,,,,,,
4.0,,40.0,,,,
,"nhà lô góc, mt đường 6m. Mặt hẻm 5m, ngay chợ đêm bắc ninh.",,,,,
,,,,,,
,,,,,,
,,,,,,
,"cực đẹp, thuận tiện di chuyển",75.0,,,3.0,
,,,,,,
,"gần ngã tư An Sương, hẻm trước nhà rộng 6m, không gian thông thoáng mát mẻ., vào trung tâm chỉ 15 phút.  Kết cấu Nhà có trệt, gác lửng gồm 2 phòng 2 WC và 3 phòng trọ cho thuê có lối đi riêng, đang cho thuê 5trtháng. Sân để xe, phòng khách, bếp.",,,,,
,,,,,,
,,,,,,
,,,,,,
,,,4.0,4.0,4.0,
,,,4.0,,,
,"đẹp hiếm có, giao thông thuận tiện, nhà 2 mặt đường, ô tô tránh, vỉa hè, kinh doanh, văn phòng phù hợp",,2.0,,,
,"huyết mạch Dương Đình Nghệ nối liền đường Phạm Hùng, Trần Thái Tông, Trần Duy Hưng. Gần các Trường ĐH Báo Chí Tuyên Truyền, ĐH QG HN, ĐH Sư Phạm, ĐH Ngoại Thương, BV Thu Cúc, BV Hồng Ngọc, BV Nhi TW TT Big C Thăng Long, giao thông Thuận tiện.",,,,2.0,
,"khu đô thị mới Đại Kim, Dự án Athena Fulland, phân khu Larissa nằm trên trục Nguyễn Xiển  Vành đai 3, cạnh Đại Học Thăng Long. đối diện dự án The Manor Central Park giá cao gấp đôi.",75.0,,,5.0,
,"an ninh, 2 phút ra Hoàng Diệu 2, Phạm Văn Đồng, thông ra đường Linh Trung, thuận tiện di chuyển qua Đại Học Ngân Hàng Tp.HCM.",,,,,
,,,4.0,4.0,4.0,
,,,3.0,3.0,,
6.2,,,4.0,,4.0,"4 tầng, Ngang 4.5m"
,,,,,,
,,,,,,
,,,,,,
3.8,,,1.0,,4.0,"4 tầng, đầy đủ tiện nghi, chủ mới về ở ngay"
7.6,"Khu dân cư an ninh, dân trí cao, sầm uất, xe lưu thông thường xuyên.",,,,,
7.8,"Khu dân cư an ninh, dân trí cao, sầm uất, xe lưu thông thường xuyên.",,,,,
7.5,"Khu dân cư an ninh, dân trí cao, sầm uất, xe lưu thông thường xuyên.",,,,,
7.9,"Khu dân cư an ninh, dân trí cao, sầm uất, xe lưu thông thường xuyên.",,,,,
,,,,,,
,,,3.0,,,
,,,,,,
,,,,,5.0,
,,,,,,
,,,,,3.0,"3 tầng, 115m2, rộng thoáng, kinh doanh."
,"cực đẹp, gần Tên Lửa, kế chợ Bình Trị Đông, thuận tiên di chuyển đến các quận trung tâm.",88.0,,,,
,"đắc địa cách Đường Lê Văn Việt 200m, Gần trường học, Gần Bệnh Viện, Gần chợ, Gần các ngân hàng lơn,.....",224.0,,,,
,"20m ra hẻm xe tải tránh, đường Nguyễn Văn Khối Phường 9 Gò Vấp.",78.0,4.0,,4.0,"4 tầng, 4 phòng ngủ, 5WC, phòng khách, phòng giải trí, bếp rộng rãi, sân thượng."
,,,3.0,,,
,"phường 9, view sông thoáng mát, gần chợ, trường học, siêu thị,...",,,,,
,,,,,,
,"gần trường THCS Phạm Văn Chiêu, An Hội, vài bước chân đã ra mặt tiền Phạm Văn Chiêu.",43.0,4.0,,4.0,"4 tầng, gồm 4 phòng ngủ, 3WC, sân thượng."
,,,,,,
,"cách mặt tiền đường Nguyễn Văn Khối 40m, xung quanh nhiều dịch vụ tiện ích, thuận tiện lưu thông.",60.0,4.0,,4.0,"4 tầng, 4 phòng ngủ lớn, 5WC, sân trước và sau nhà, sân thượng, ban công, giếng trời."
,,27.0,2.0,,2.0,"2 tầng, 2 phòng ngủ."
,,,,,,
,,,3.0,,4.0,
,"Vũ Đức ThậnNguyễn Lam, hàng xóm Vinhomes Riverside Vinschool, cách sân golf Long Biên cầu Vĩnh Tuy 1km",,,,5.0,"5 tầng, thiết kế tân cổ điển nội thất sang trọng"
6.6,"Khu kinh doanh sầm uất, giáp Q6, gần Tân Phú. Kính doanh mỹ phẩm, nail, văn phòng, ở",,2.0,,2.0,
,,,,,4.0,
,,,3.0,,5.0,
,"đắc địa, di chuyển thuận tiện.",,,,,
,,,8.0,5.0,4.0,
17.5,,,,,,
,,,,,,
,,,,,,
,,,5.0,3.0,5.0,
3.7,,,,,3.0,"3 tầng, công năng đầy đủ."
,,,,,,
3.4,,,,,2.0,
,"Đẹp, đi bộ ra bến xe Mỹ Đình, nhà trung tâm của trung tâm, 40m ra chợ, 80m là đến bến xe Mỹ đình, bạt ngàn tiện ích...",,,,4.0,
,,,,,3.0,
,,,4.0,,5.0,
,,,,,5.0,
,,,,,4.0,
2.4,,48.0,4.0,3.0,5.0,"5 tầng, ngõ to ngay chợ Thiên Lôi"
,"đẹp, kinh doanh được mọi ngành nghề",,,,,
,,,2.0,,,
,,,5.0,,4.0,
,,44.0,2.0,,,
78.0,"khu vực Ngô Gia TựĐức Giang, gần đèn xanh đỏ Đức GiangNgô Gia Tự",,,,2.0,"2 tầng, trên sổ 360m, 90m ngoài sổ vẫn đóng thuế hàng năm,  1 mặt phố 1 mặt ngõ, mặt tiền 12m, vỉa hè 8m, phù hợp xây toà nhà văn phòng, siêu thị mini, trường học, phòng khám.."
,,,9.0,,6.0,"6 tầng, tổng 9 phòng ngủ khép kín full giường, tủ, nóng lạnh, điều hoà.. gồm"
,,,4.0,,,
,,,,,,
,,,,,5.0,
,,,,,,
,,,,,,
,,40.6,4.0,,4.0,
,,,,,,
,"đất sạch, khu dân cư hiện hữu. Ngay trung tâm Tp Thủ Đức, đường thông thoáng.  Tuyến lưu thông chính nối Hoàng Diệu 2, Lê văn Chí, Kha Vạn Cân, Linh Trung....thuận lợi kinh doanh đa ngành nghề.",,,,,
,,51.0,4.0,,4.0,"4 tầng, Ngang 4m, Hướng ĐB, ô tô đỗ cửa"
,,,,,,
,,,,,,
,,,,,,
,,,,,,
,,,2.0,,5.0,
,,185.0,,,,
,,,3.0,,,
,"gần vòng xoay Phú Lâm, siêu thị Coopmart, trường học các câp, siêu thị, công viên....",,,,3.0,"3 tầng,  3 PN, Sân Thượng, Khu vực an ninh, dân trí cao, tiện ích bao quanh. Vị trí gần vòng xoay Phú Lâm, siêu thị Coopmart, trường học các câp, siêu thị, công viên...."
,,,,,,
,,,3.0,3.0,4.0,
,ở hẻm đường số 38 Hiệp Bình Chánh Thủ Đức,,3.0,,,
3.8,,,,,2.0,
4.5,,,,,4.0,"4 tầng, công năng đầy đủ, về ở ngay"
,"rất đẹp, ngay Luỹ Bán Bích, Đầm Sen Park, giáp Tân Bình, thuận tiện vào trung tâm.",55.0,,,,
,,,,,,
,,,3.0,,,
,"đẹp, gần nhiều tiện ích, các trường đại học lớn, bệnh viện, trung tâm thương mại. Một bước ra Tây Hồ, không khí điều hòa, chất lượng sống đẳng cấp.",,,,,
,,,,,5.0,"5 tầng, 3pn khép kín, sân thượng..."
6.4,,,,,4.0,
5.8,,47.0,,,4.0,
5.6,,34.0,,,4.0,
,,,,,,
,,,,,4.0,
,"có thể mở cửa hàng kinh doanh buôn bán cafe, nhà hàng, mở văn phòng...",260.0,,,1.0,
,,,3.0,2.0,3.0,"3 tầng, 1 trệt 2 lầu,  3 phòng ngủ, 2 toilet, có giếng trời sáng và thoáng mát."
,,,,,,
,,,4.0,,4.0,"4 tầng, thiết kế theo phong cách kiến trúc Pháp, chủ tự xây tâm huyết, chau chuốt từng chi tiết đấu cột, từng đường gờ phào, làm toát lên vẻ đẹp mãi mãi với thời gian. Căn nhà được thiết kế 4 phòng ngủ, phòng khách, bếp, wc, đầy đủ công năng cho một công trình nhà ở gia đình."
,,,,,,
,"cực đẹp, hẻm 6m thông, xe đỗ cửa ngày đêm.",,,,,
,thuận tiện mọi mặt từ vị trí đến các tiện ích xung quanh.,,,,4.0,"4 tầng, MT 4m  Ô TÔ chỉ 7,3 tỷ"
,"Gần chợ tân vạn,cách đường Bùi Hữu Nghĩa khoảng 150m",,2.0,,,
,,84.0,,,,
,,,1.0,,4.0,"4 tầng, 2 ngủ đầy đủ công năng."
,,55.0,5.0,,3.0,
,,,2.0,,,
,,88.0,,,3.0,
,,,,,,
,,63.0,,,,
,,,,,,
,,,,,5.0,
,,,,,5.0,
,,,,,5.0,
,,,6.0,,,
,,,,,2.0,"02 tầng, tầng 1 cho thuê kinh doanh, tầng 2 linh hoạt cho thuê hoặc ở, cho thuê dễ dòng tiền tối thiểu 300 triêu."
,,,,,,
,,,4.0,,,
,,,1.0,,5.0,
,"rất đẹp tại vùng lõi của Gia Lâm, xung quanh đông dân, tiện ích nhiều. Thích hợp mua an cư kết hợp kinh doanh tại nhà...",,,,,
,gần trường Cao đẳng Công Thương. Đường ô tô đổ cửa. Thuận tiện di chuyển.,,,,,
,"hẻm 102 đường Lê Văn Thọ, phường 11, quận Gò Vấp. Gần chợ, trường mầm non, trường cấp 123, siêu thị, công viên Làng Hoa,",50.0,3.0,,2.0,
,,,,,4.0,
,,,,,,
,,,4.0,,4.0,
,,,,,,
,,,,,,
,,,,,,
,,,,,,
,,,,,2.0,"2 tầng, diện tích 32m2, mặt tiền 4.2m"
,,,,,,
,,,2.0,,5.0,
4.75,,40.0,,,2.0,
,,,,,5.0,"5 tầng, 5 phòng. Tum mái có vườn rau sạch."
,,,,,5.0,"5 tầng, tổng 5 PN rộng."
,"Cách Kênh Tân Hóa vài bước chân, hẻm nhựa 5m, thông ra công viên KDC Kênh Tân Hóa, đối diện CV Đầm sen, hội chợ Lô Tô khu vui chơi giải trí.",,,,,
,,,3.0,,,
,"chợ Thạnh Phú, cách changshin 2km",,,,,
,,,2.0,,5.0,"5 tầng, mặt tiền rộng được thiết kế gồm"
,"nhà mặt phố vỉa hè đá bóng.,",,,,,
,,,,15.0,,
,"nhà trung tâm, gần  Nguyễn Hữu Thọ, Xô Viết Nghệ Tĩnh",,,,3.0,
,"ngay trung tâm Tân bình, giáp các quận thuận tiện tiện ích đầy đủ, khu an ninh yên tĩnh.",,,,,
,,50.0,4.0,,,
,"huyết mạch Dương Đình Nghệ nối liền đường Phạm Hùng, Trần Thái Tông, Trần Duy Hưng. Gần các Trường ĐH Báo Chí Tuyên Truyền, ĐH QG HN, ĐH Sư Phạm, ĐH Ngoại Thương, BV Thu Cúc, BV Hồng Ngọc, BV Nhi TW TT Big C Thăng Long, giao thông Thuận tiện.",,,,2.0,
,"cách cầu Chương Dương 300m, ngõ rộng thông thoáng, cách ô tô tránh 30m, hưởng trọn tiện ích Mipec Long Biên",,,,4.0,
,,,,,,
,,,3.0,,,
,,,,,,
,,,2.0,2.0,,
,"Bửu Long, cách Huỳnh Văn Nghệ 20m",80.0,,,,
,,,,,6.0,
,,90.0,,,3.0,"3 tầng, hoàn thiện tạm bên ngoài, chưa hoàn thiện bên trong, vị trí căn rất đẹp, không lỗi phong thủy, đối diện là các căn biệt thự 250m2 nên mật độ xây dựng rất thoáng, bên cạnh là UBND huyện, xung quanh bạt ngàn tiện ích cao cấp. Thích hợp mua an cư hoặc làm văn phòng công ty..."
16.0,,,,,,
,,134.0,2.0,,,
4.0,,,4.0,,,
,"| Mặt phố tuyệt vời, có một ko hai. Thiết kế 5 tầng hiện đại, đầy đủ công năng.",,,,5.0,
,,,,,,
,"quá đẹp. Đường rộng, thông các ngả. Ba gác phi ầm ầm, kinh doanh hộ gia đình được. Gốc lõi Đống Đa, nghìn năm văn hiến.",,,,,
,,,,,4.0,
,,,,,4.0,
,,,2.0,,,
,,,1.0,,4.0,
,,,,,,
,,,,,,
,"khu đất vàng có vị trí siêu đẹp trên đường Nguyễn Lam Đối diện phân khu Nguyệt Quế  The Harmony  5 tòa chung cư cao cấp Sunshine, ngay cạnh trường học MN, tiểu học, trung học Sài Đồng  Việt Hưng, PTLC VinSchool, cách Big C Long Biên 500m. Xung quanh bạt ngàn tiện ích cao cấp, thích hợp mua an cư hoặc làm văn phòng đại diện...",,,,,
,"Ngay khu Tân Tạo Tên Lửa, Cách đường số 7 chỉ 30m, Toà Nhà Mặt tiền 5 Tầng có Hầm, Lô góc trang bị đầy đủ thang máy, kết hợp văn phòng cafe vỉa hè",,,,,
,,,3.0,,5.0,"5 tầng, thiết kế hiện đại, tối ưu công năng sử dụng, gồm 3 phòng ngủ, phòng khách, bếp ăn, wc, đáp ứng đầy đủ nhu cầu gia đình."
,"mặt tiền đường 12m thông tuyến đường Tên Lửa, Đường Số 7, Tĩnh lộ 10, Trần Văn Giàu.",,,,,
,,,,,4.0,
,nhà mặt tiền KINH DOANH ngay Hoàng Hoa Thám.,33.0,,,,
,"Ngay giáp lộ với Đường dẫn Cao tốcTrung Lương Võ Trần Trí, cạnh bên Chung cư Tecco Nguyễn Cửu Phú, gần khu Tên Lửa Aeon mall Bình Tân, tiện di chuyển khắp nơi",,,,2.0,
45.0,"mặt phố khu vực Nguyễn Văn Cừ, cách cầu Chương Dương 200m",,,,8.0,
,,,,,,
,"Gần Aeon mall Tên Lửa. Cạnh Kinh Dương Vương, tiện di chuyển về Trung Tâm.",,,,3.0,
,,,,,,
,"trung tâm Linh Chiểu, cạnh Agribank, Bảo hiểm xã hội Thủ Đức.",,,,,
,,,,,,
,,,,,2.0,
,,,2.0,,,
,,,2.0,,,
,,,,,,
,,,,,,
,,,2.0,,4.0,"4 tầng, thiết kế hiện đại có thể hoán đổi công năng thoải mái"
,"Nằm ngay ngã tư Lê Duẩn  Nguyễn Thượng Hiền, đi bộ hơn trăm mét ra Rạp Xiếc TW, 200m Công viên Thống Nhất  Hồ Bảy Mẫu.",,,,4.0,
,"gần Tên Lửa, Vành Đai Trong, Đỗ Năng Tế và đường số 17A.",,,,,
,,51.0,3.0,,,
,"2 mặt tiền đường Nguyễn Cư Trinh, Bình hiệp A, TT Lấp Vò, Đồng Tháp",,,,,
17.0,"đep gần Đường Nguyễn Hoàng và siêu thị MEGA MARKET An Phú, khu vực an ninh bảo vệ trực 2424.",,,,,
5.0,,,,,5.0,
9.8,,,,,,
,"| Nằm sát gần cầu Ông Lãnh, thuận tiện di chuyển giữa các Quận 1,2,3,5,7",,2.0,,,
,"cách changshin 900m , BIG C 2km",,,,,
7.5,,,,,,
,,,4.0,,,
,,,,,,
,|Kiệt ô tô đậu trước nhà. Các đường chính Trần Hưng Đạo chỉ 60m.,57.0,,,,
,,,,,5.0,"5 tầng, thiết kế hiện đại, tiện nghi, gồm các phòng ngủ, phòng khách, bếp ăn, wc, đảm bảo đầy đủ mọi nhu cầu sinh hoạt gia đình."
,,,,,5.0,
,,,,,,
,,,,,,
,,,,,3.0,
,,,3.0,,,
,,,,,,
,,,,,,
,vài bước chân ra mặt tiền đường Số 4 Phường 16 Gò Vấp.,73.0,5.0,,4.0,"4 tầng, 5 phòng ngủ, 6WC, phòng thờ, giếng trời, sân trước, sân sau, sân thượng."
,,,,,,
16.0,,,,,,
,,,,,,
,,,,,2.0,"2 tầng, khung cột chắc chắn, thiết kế đủ công năng, 2 ngủ, cầu thang giữa, tầng 1 để xe, khách, bếp."
,,,2.0,,2.0,
7.5,"khu vực Bồ ĐềHồng Tiến, gần hồ điều hoà, ngõ rộng 3m,  5m ra ôtô tránh, 5 phút đến cầu Chương Dương cầu Vĩnh Tuy",,,,5.0,"5 tầng, 3 ngủ khép kín, tặng nội thất"
,,60.0,,,,
,,,,,,
,,,,,,
,,,4.0,,,
,,,2.0,,,
19.5,,,,,4.0,
,,,,,,
11.0,,,3.0,,,
,"gần mặt tiền Hoàng Văn Thụ, Cộng Hoà, Lăng Cha Cả, công viên, chợ Phạm Văn Hai.",,2.0,,,
,"Mặt tiền đường nhựa rộng 20m, xe hơi ra vào đậu thoải mái, gần bệnh viện Q8, trường ĐH Công Nghệ SG, xe cộ lưu thông dễ dàng qua các tuyến đường và các Quận lân cận.",,,,,
,"Nằm căn góc 2 mặt hẻm thông thoáng, cách đường Phạm Hùng 100m, gần cầu Chánh Hưng, cầu Nguyễn Tri Phương, tiện lưu thông qua các Quận lân cận 1 cách dễ dàng.",,,,,
,"đẹp, thuộc khu phân lô liền kề khu đô thị Gelexia. Khu vực cực kỳ phát triển, giá nhà đất tăng từng ngày. Đường rộng 2 ô tô tránh thoải mái. Ô tô đỗ cửa.",,2.0,,,
,,,,,,
,"cách sông 300m, cách đường Đồng Khởi 100m, cách trường Mạc Đĩnh Chi 300m, cách trường mầm non 600m, cách chợ Gò Đình 800m,...",60.0,,,,
,"ngay trung tâm Tân bình, giáp các quận thuận tiện tiện ích đầy đủ, khu an ninh yên tĩnh.",,,,2.0,
,"đẹp sát mặt tiền, gần chợ, trường học các cấp, xung quanh ko thiếu thứ gì. Sang Quận 6 chỉ 2 phút, gần Vòng xoay Phú Lâm. BT159",,,,,
,"đẹp cách Hồ Tây vài trăm mét, mặt ngõ thông vừa ở  vừa cho thuê  kết hợp kinh doanh Tầng 1, ngõ rộng ôtô đỗ cửa  vào nhà.",,,,8.0,
,,,4.0,,,
,,,4.0,,4.0,"4 tầng, thiết kế hiện đại, gồm 4 phòng ngủ, phòng khách, bếp ăn, đầy đủ công năng sử dụng."
,"khu vực Phan Đình PhùngQuán ThánhCửa Bắc. Vỉa hè, ôtô 2 chiều, gần bốt Hàng Đậu",,,,4.0,
9.9,"giao đường số 3, đẹp, đường xe hơi tránh rộng rãi, tiện ích xung quanh không thiếu thứ gì.",,,,5.0,
30.0,"đẹp, thuộc con đường sầm uất, buôn bán kinh doanh, toà cao ốc văn phòng lớn,...Tiện di chuyển đi bất cứ đâu.",,,,,
7.85,"trung tâm cầu nối các quận Hoàng Mai, Thanh Trì, Hoàn Kiếm, Cầu Giấy, Hai Bà Trưng, Cầu giấy.",62.8,4.0,,4.0,"4 tầng, MT 5.2m."
,,,,,3.0,
,"Nhà trong khu phân lô Biệt thự, nhiều tiện Ích xung quanh.",,,,,
,,,2.0,,5.0,
,,,,,,
,"mặt tiền đường Số 19, Phường 8, Gò Vấp, thông Quang Trung, Lê Văn Thọ, Nguyễn Văn Khối. Tiện ích xung quanh không thiếu thứ gì chợ, siêu thị, trường học, bệnh viện, v.v.",81.0,5.0,,4.0,"4 tầng, 5 phòng ngủ có phòng ngủ tầng trệt, 5 WC, sân thượng."
,"trung tâm Q.Tân Bình, gần chợ Ông Địa, giáp Quận 10, Lạc Long Quân, Lý Thường Kiệt, khu Bàu Cát, UBCA, trường học, tiện ích bủa vay. TB118",,,,,
,"Khu đất LK13, LK14  Tổ 3,đường Điện Biên Phủ, phường Phan Si Păng, thị xã Sa Pa, tỉnh Lào Cai",,,,4.0,
,"trung tâm quận Hà Đông vài bước ra mặt phố Quang Trung, Lê Lợi, quận ủy,...",33.0,,,,
,nằm ngay đường dẫn vào dự án Khu đô thị Phú Mỹ Hưng 34.,1179.0,,,,
,,,,,,
,,,,,,
,,,,,4.0,"4 tầng, diện tích công nhận 80m2 4x20 m có 5PN, 6WC, phòng thờ, phòng xông hơi tầng 4, sân thượng, chỗ đậu xe hơi trong nhà, có khoảng sân sau nhà thoáng sáng."
,"đẹp ngay sát đường ô tô tránh, ô tô nhỏ vào nhà dễ dàng",,,,,
,,35.0,,,,
,,,3.0,,,
,"cực đẹp giáp Q6, đối diện Aeon Mall Tên Lửa, thuận tiên di chuyển vào Chợ Lớn, cách mặt tiền đường Đại Lộ chỉ 100m.",65.0,,,,
,"đẹp, khu sầm uất, giáp Văn Cao, Phú Thọ Hoà, gần chợ, trường học các cấp, xung quanh ko thiếu thứ gì. TP165",,,,,
,"đẹp sát mặt tiền, gần chợ, trường học các cấp, xung quanh ko thiếu thứ gì. Sang Quận 6 chỉ 2 phút, gần Vòng xoay Phú Lâm. BT159",,,,,
,"đẹp ngay sát đường ô tô tránh, ô tô nhỏ vào nhà dễ dàng",,,,,
,,,,,,
,"lô đẹp nhất phố Võng thị, mặt tiền đẹp, kinh doanh tối ưu, gia đình đang tự vận hành cho thuê 6 phòng full 48tr tháng",,,,,
,nhà,,,,,
,,,4.0,,4.0,"4 tầng, thiết kế hiện đại, chủ tự xây tâm huyết, ở được vài năm, nay muốn bán chuyển ra khu liền kề ở nhà to hơn. Căn nhà được thiết kế 4 phòng ngủ, phòng khách, bếp ăn, wc, đáp ứng đủ nhu cầu gia đình."
,,,4.0,,4.0,
,"gần mặt tiền Lê Thúc Hoạch, thuận tiện di chuyển Phú Thọ Hoà, Nguyễn Sơn, chợ Tân Hương, Aeon Tân Phú...",,,,,
,,,,,,
,"cách phố chỉ 1 nhà, ngõ thông, nhà gần chợ, trường cấp 1,2,3 Xuân Đỉnh. Giao thông thuận lợi kết nối nhiều tuyến phố lớn như Xuân La, Võ Chí Công, Nguyễn Xuân Khoát.",,,,,
,"gần Trần Não, Bình An, Q2",,,,,
,"đẹp, khu vực sầm uất, mặt tiền đường nhựa trục chính thuộc Khu Vip, thích hợp kinh doanh mua bán, làm văn phòng cty hoặc cho thuê ..",,,,,
,"đường  Nguyễn Chí Thanh, KP12, Dương Đông, Phú Quốc, Kiên Giang ,",,,,,
,,,,,,
,,,,,,
,"của nhà là đẹp nhất tuyến đường, ngay gần khách sạn Sunflower.",90.0,,,,
,,,3.0,,,
,,,,,,
,,35.0,,,4.0,
,"đông người qua lại, đường thông với Nguyễn Văn Linh, Lâm Văn Bền, trường đại học Marketing, tiện mua bán kinh doanh",,,,,
,"Hẻm trước nhà gần 4m, cách mặt tiền chợ Nguyễn Thị Tần 100m, gần cầu Chữ Y, xe cộ tiện lưu thông qua các tuyến đường và các Quận tiếp giáp.",,,,,
,"nhà mặt tiền trung tâm Phú Nhuận  Thích Quảng Đức. Kinh doanh sầm uất đa nghành nghề cực kỳ thuận lợi, tuyến đường 2 chiều, nhà đẹp vô ở ngay, xe hơi đậu trong nhà.",,,,,
,"đắc địa, đoạn đẹp nhất tuyến đường Hoàng Sa  Trường Sa, Đoạn 2 Chiều ngay Trung Tâm, Khu Vực Kinh doanh sầm uất, Nhà 1 Đời chủ, Chưa qua đầu Tư, Rất thích Hợp mua đẻ đầu tư hoặc để ở...",,,,,
,,,,,4.0,
,,51.0,,,3.0,
,,50.0,2.0,,,
,,,,,5.0,
,,,2.0,,5.0,
,,,,,,
8.1,,,,,5.0,
,"lô góc 3 mặt tiền nhưng chỉ dính 1 xíu lộ giới, có 200m2 đất ở.",,,,,
,"yên tĩnh, gần rất nhiều tiện ích Chợ, bệnh viện...",,,,,
,,,,,1.0,"1 tầng, | Tầng 9 2 căn hộ, sân phơi,"
,,,,,4.0,"4 tầng, thiết kế hiện đại, tiện nghi gồm các phòng ngủ, phòng khách, Bếp, phòng thờ, sân phơi, đáp ứng đầy đủ nhu cầu gia đình."
,,,,,4.0,
,,,,,,
,,,,,,
,,,2.0,,,
,"Mặt ngõ thông, gần phố, để ở an sinh đẳng cấp, khu vực có an ninh bảo đảm, tập trung dân trí cao, trước nhà rộng để xe vô tư, đi bộ vài bước ra phố mua sắm, tiện ích ngập tràn",,,,4.0,
,,,4.0,,5.0,
,,90.0,,,3.0,
,,,,,5.0,
,"Gần uỷ ban,chợ ,cách đường Bùi Hữu Nghĩa khoảng 200m",,3.0,,,
,"ngay chợ đo đạc, đường lớn, 7.5 tỷ không thương lượng",,,,,
,Sát mặt tiền đường trục chính . Nguyễn Thị Nhung và Quốc Lộ 13,,,,,
,"đẹp, bề ngang lớn gần 7m tiện kinh doanh mua bán",,,,2.0,
,"đắc địa sát bên Tân Phú, thẳng 1 trục là Quận 11 Quận 10 Tân Bình Quận 6.",,,,5.0,
,hẻm 220 đường Nguyễn Văn Khối Phường 9 Gò Vấp,42.0,4.0,,4.0,"4 tầng, 4 phòng ngủ, 5WC, phòng thờ, sân thượng trước sau. Nhà full nội thất, khách chỉ cần xách vali vào ở."
,,,,,5.0,
,,46.0,7.0,,5.0,"5 tầng, 7 phòng ngủ đầy đủ công năng."
,,49.0,,,5.0,
,,,,,4.0,"4 tầng, ngang 4.5m, 4PN, nội thất cao cấp."
,,,4.0,,4.0,
,,,,,,
,,,,,4.0,"4 tầng, thiết kế hiện đại, gồm các phòng ngủ, phòng khách, bếp, wc, đầy đủ công năng sử dụng."
,,,,,8.0,
,,,4.0,,,
,,,,,,
,"Nhà trung tâm khu vực Phú Gia  Phú Thượng view sông Hồng, ô tô đỗ cửa, Gần Lotte Tây Hồ, ĐH Nội Vụ, Học viện Tài Chính, ĐH Tài Chính Ngân Hàng...",100.0,,,8.0,"8 tầng, thang máy, 19 phòng đã được trang bị FULL nội thất  có thể làm thêm 2 phòng trên tầng 8"
,"cực đẹp, vài bước ra mặt tiền. Vài bước chân ra CLB Lan Anh, vòng xoay Dân Chủ, sát Q3, gần Hà Đô",30.0,,,2.0,
,"đẹp, ngõ rộng, lô góc 3 mặt thoáng vĩnh viễn, cách ô tô 30m. Từ tầng 5 view hồ Tây",,,,,
,,,,,,
,,,,,,
,,,,,4.0,"4 tầng, thiết kế hiện đại, tiện nghi, gồm các phòng ngủ, khách, bếp ăn, phòng thờ, sân phơi, wc, đầy đủ công năng sử dụng."
,,,,,,
,"tiếp giáp ngã tư Xuân La, Xuân Đỉnh và phố Minh Tảo  phố mới dẫn vào khu Ngoại Giao Đoàn, đường đôi có hàng cây ở giữa siêu rộng.",,,,,
,,,,,4.0,
,"ngõ xe 3 gác tránh xe máy, nhà thoáng 3 mặt , sau nhà là sân tennis thoáng vĩnh viễn.",,2.0,,4.0,
3.8,,,,,3.0,"3 tầng, 1 trệt 2 lầu BTCT,"
,,,,,,
,,,,,,
,,,,,,
,,,3.0,,,
,"Gần trường tiểu học tân tiến,cách đường Phạm Văn Thuận khoảng 100m",,,,,
,"Gần uỷ ban,chợ,trường học ,cách đường Bùi Hữu Nghĩa khoảng 300m",,2.0,,,
,,,,,,
,,,2.0,,4.0,
,,,,,,
,,,,,,
,"siêu đẹp khu bộ đội xuất ngũ, khu vực phát triển mạnh, đầu mối giao thông nhanh chóng ra đường 32 và đường vành đai 3.5",77.8,,,,
,,,,,3.0,
,,,,,,
,"khu vực ngay đường Trần Hưng Đạo, đối diện Sở Công An TP.HCM, Phòng CS Điều tra Tội phạm về TTXH, Phòng CS PCCC TP.HCM, thông ra Võ Văn Kiệt, Trần Đình Xu, Nguyễn Cảnh Chân",,,,4.0,
,,,,,4.0,
,"Hẻm trước nhà gần 3m, cách mặt tiền đường chính chỉ vài bước chân, gần cầu Nguyễn Văn Cừ, tiện lưu thông qua Quận 1, 4, 5, 7, 10, chỉ mất vài phút.",,,,,
,"hẻm đường Số 2 Phường 16 Gò Vấp, vài bước chân đã ra mặt tiền đường.",30.0,3.0,,3.0,"3 tầng, gồm phòng khách, bếp, 3 phòng ngủ, 3WC."
,,,,,5.0,
,"Hẻm xe hơi trước nhà, gần chợ Rạch Ông, cầu Chữ Y, xe cộ tiện lưu thông qua các tuyến đường và các Quận tiếp giáp.",,,,,
,"Nằm ở lối Bể bơi La Khê, vị trí cực thoáng tiếp giáp khu DV Giếng Sen  Lê Trọng Tấn, từ nhà ra đường Lê Trọng Tấn, đường Tố Hữu  Nguyễn Thanh Bình chỉ 150  180m.",,,,4.0,
,,,,,7.0,
,,,,,5.0,
,,,,,3.0,
,,,,,,
,"Nằm ở lối Bể bơi La Khê, vị trí cực thoáng tiếp giáp khu DV Giếng Sen  Lê Trọng Tấn, từ nhà ra đường Lê Trọng Tấn, đường Tố Hữu  Nguyễn Thanh Bình chỉ 150  180m.",,,,4.0,
,"trung tâm, thuận tiện di chuyển đến các khu vực lân cận.",45.0,3.0,,,
,,,2.0,,,
,"gần chợ Hạnh Thông Tây, đường Quang Trung, phường 11 nay là phường 8 Gò Vấp",260.0,3.0,,,
9.2,,60.0,,,4.0,
,"trung tâm Quận 1, khách thượng lưu và khách nước ngoài ra vào tấp nập,",64.0,,,,
,|gần Nhà Văn Hóa.,,,,2.0,"2 tầng, vị trí trung tâm của quận Thanh Xuân"
,,,,,,
,"cách chợ Nhật Tân tầm 200m, ngõ ô tô thông, từ nhà chạy thẳng ra các tuyến phố lớn như An Dương Vương, Võ Chí Công, đường đôi mới khu Ciputra Phú Thượng, Âu Cơ, Lạc Long Quân. Giao thông vô cùng thuận lợi, tuyến đường để Âu Cơ đang trong quá trình mở rộng, tương lai giá cả còn tăng nhiều.",,4.0,,3.0,
,"Mặt tiền đường 10, Hiệp Bình Chánh, TP Thủ Đức.",,4.0,5.0,,
,,52.0,,,5.0,
,,,3.0,,4.0,"4 tầng, 3 phòng ngủ đầy đủ công năng sử dụng, khung cột chắc chắn."
,,,,,,
,Cách đường Đỗ Văn Thi khoảng 50m,,2.0,,,
,"mặt tiền đường nguyễn thành phương, phường thống nhất biên hòa",,3.0,,,
,,,,,,
,"Tôn Thất Hiệp, P13, Q11",,,,,
,"Lạc Long Quân P3, Q11",,,,,
,,,1.0,,,
,"hẻm ôtô 1cách mặt tiền đường Đặng Văn Bi chỉ 70m, nhà nằm ngay khu vực trung tâm Thủ Đức tiện ích ko thiếu thứ gì, giao thông thuận tiện đi lại rất nhiều hướng.",,,,,
,,,,,,
,,,,,,
25.0,,96.0,,,,
,,,,,,
,,,,,,
,,,,,,
,,,2.0,,,
,"đắc địa, ngõ rộng, ô tô tránh cách 20m, rất tiện cho các gia đình thường xuyên về quê, phải đón xe taxi, hoặc người trẻ thường đi làm bằng ô tô hoặc tan làm về muộn, gia đình có người già, đảm bảo tiện lợi khi có nhu cầu đi lại bằng ô tô.",,,,,
,,,3.0,,5.0,"5 tầng, thiết kế hiện đại, tiện nghi, gồm 3 phòng ngủ, phòng khách, bếp ăn, vệ sinh, đáp ứng đầy đủ nhu cầu gia đình."
,,,,,10.0,
,,,4.0,,4.0,
,,,,,,
,,,,,,
,,,,,4.0,
,,,,,4.0,"4 tầng, chủ tâm huyết tự xây dựng gồm phòng ngủ, phòng khách, bếp, phòng ăn, toilet..., thỏa mãn nhu cầu của gia đình."
,,,,,,
,,112.0,,,,
,,,,,,
,,,,,,
,"nằm đối diện chợ Xuân La, cách công an Phường Xuân La tầm 200m. Nhà gần hồ Tây, không khí trong lành.",,4.0,,4.0,"4 tầng, cầu thang giữa, mỗi tầng 2 phòng tổng cộng có 4 phòng ngủ đầy đủ công năng."
,"trung tâm cực đẹp, hẻm rộng 1 sẹc, thông Hòa Hảo, Nguyễn Tiểu La, Nguyễn Tri Phương. Công tác, học hành giao thông thuận tiện. Khu an ninh, dân trí cao.",,,,,
,,,2.0,,,
,,,4.0,,,
,,,,,,
,,,6.0,,5.0,
,,127.0,,,,
,,,4.0,5.0,4.0,
9.8,"ngay đường số 3, cung đường sầm uất ở Bình An, đầy đủ tiện ích trong bán kính 2km đổ lại.",,,,,
,"nhà vài bước chân ra chợ Hoàng Hoa Thám, xe hơi đỗ cổng, khu vực dân trí cao.",,,,,
,"kinh doanh đông, chợ Tân Bình, gần Bắc Hải, Thành Thái, thuận tiện đi Q. 10, Q. 11.",,,,,
,,,,,5.0,
,,,,,,
,,,4.0,,5.0,"5 tầng, 4 phòng ngủ, 2 phòng làm việc."
17.5,"đẹp, 1 căn tốt nhất thị trường",,,,,
,"đẹp, khu vực chỉ có 32 căn BTLK, gần nút giao cầu Nhật Tân  bên cạnh là khu đô thị quốc tế Ciputra Nam Thăng Long có nhiều tiện ích cao cấp với hệ thống các trường học cũng như trung tâm thương mại và khu vui chơi giải trí như Trường UNIS, trường  Academy, mẫu giáo Kindle World,  bệnh viện nam Thăng Long, Ciputra , công viên nước Hồ Tây...",,,,4.0,
,,,,,5.0,
,"trung tâm xung quanh ko thiếu thứ gì, tiện ích đầy đủ. Ngay gần Học viện Âm nhạc Quốc Gia, Đại học Văn Hóa, Cao đẳng Y tế ...",,,,5.0,"5 tầng, 1 hầm, 1 lửng, 1 tum, 12 phòng khép kín, thang máy."
,"Hồng Bàng, P1 Q11",,,,,
,"Hòa Hảo, P5 Q10",,,,,
,,,,,,
,"đắc địa, nối liền với nhiều tuyến đường giao thông huyết mạch như các tuyến đường vành đai, trung tâm thành phố, sân bay Nội Bài, đường 3 làn ô tô tránh, thông Ngoại Giao Đoàn, Võ Chí Công, Xuân Đỉnh, Cầu Nhật Tân, Lạc Long Quân, Bưởi, Thụy Khuê, Hoàng Hoa Thám.",,,,,
,,,,,,
,,,2.0,,,
,,,,,,
,"giáp Tân Hòa Đông, Quận 6, Tân Phú, Quận 11.",63.0,,,,
,,,2.0,,,
,"đẹp, khu vực an ninh, dân trí cao. Giá khu vực hiện tại 170 triệum2",,,,,
,,,,,,
,,,3.0,,4.0,
,,,,,,
,,,2.0,,,
,"gần mặt tiền Đường Số 51 Phường 14 Gò Vấp, xung quanh đầy đủ dịch vụ tiện ích.",90.0,5.0,,4.0,"4 tầng, 5 phòng ngủ, 6 nhà vệ sinh, sân thượng trước sau. Nhà có hồ bơi mini, garage xe hơi."
,,,2.0,,,
,,,,,4.0,
,"rất thuận tiện đi lại, dễ dàng di chuyển sang Mỗ Lao, Xa La, Thanh Xuân, Quang Trung, Yên Xá, Hoàng Mai.",43.0,,,4.0,"4 tầng, mỗi tầng 2 ngủ rộng, view nhìn sang sân chơi nhà Văn Hóa nên rất thoáng."
,,,,,5.0,
,,,,,7.0,
,,,,,4.0,"4 tầng, khung cột chắc chắn, chủ tự xây tâm huyết ở được vài năm, khách mua về ở luôn."
,,,,,4.0,
,,,,,5.0,
,,,,,5.0,"5 tầng, mặt tiền rộng 6m, nhà cực thoáng và anh sáng tự nhiên khắp các phòng."
,,46.0,3.0,,3.0,
,,,3.0,3.0,4.0,
,"trung tâm Hà Đông, cực kỳ thuận tiện di chuyển lên trung tâm Hà Nội. Gần mặt phố Vạn Phúc, Ngô Thì Sỹ hướng đi Tố Hữu  Quang Trung.",,3.0,,,
,"tuyệt đẹp, góc 2 mặt tiền đường nhựa 12m, sát Lê Văn Việt, sát đường Man Thiện, Cách chợ đêm Man Thiện 300m.  sát chung cư C6, C7, C8.",,,,,
8.9,"ngay đường Võ Nguyên Giáp, gần Vincom Thảo Điền, tương lai phát triển vượt bậc",,,,,
,,,3.0,,,
,"ngay đầu phố Quang Trung, hàng xóm khu đô thị La Khê, khu đô thị Văn Phú. Cách mặt phố Quang Trung 70m. Gần chợ Bông Đỏ, hạ tầng đồng bộ.",40.0,,,,
,,,,,7.0,
,,,,,,
,,,,,,
,,,,,,
,,,3.0,,3.0,"3 tầng, 3 phòng ngủ, phòng thờ, sân phơi đầy đủ."
,,,,,2.0,
,"ngay cạnh đồn công an Xuân La. Băng qua đường là tới chợ, trường học các cấp. Từ nhà ra hồ Tây chỉ tầm 300m.",,,,4.0,
,,,,,,
,"trung tâm Đội Cấn, dân trí cao, an ninh tốt.",,,,,
,,,,,,
,,,,,3.0,
,"Tttp, an ninh đảm bảo",,,,,
,"gần KDC Phú Gia 2, P. Trảng Dài, Biên Hòa, ĐN",102.9,,,,
,,,,,,
,,,,,4.0,
,"hẻm 6m Kênh Tân Hóa cạnh cv xanh, mát, gần Đầm Sen, giáp Q6, Q11,",,,,2.0,
4.65,,,,,,
,"hẻm 6m Kênh Tân Hóa cạnh cv xanh, mát, gần Đầm Sen, giáp Q6, Q11,",,,,2.0,
,"chỉ 2 phút ra tới mặt phố. Khu vực gần chợ, bệnh viên, trường học các cấp, xung quanh nhiều khu vui chơi ăn uống, tiện ích nhiều, an sinh tốt",,,,,
,,,,,4.0,"4 tầng, xây dựng khung cột chắc chắn, tổng có 3 P.ngủ, P.khách, P.ăn, bếp, wc"
,,,3.0,,5.0,
,,,,,,
,"trung tâm Hà Đông, tiện ích tràn ngập, chỉ mất 5 phút ra tới trung tâm thương mại Aeon Hà Đông",,,,,
,"gần đường đôi khu đô thị mới Ciputra, Sunshine. Nhà gần chợ, trường cấp 1,2,3 Phú Thượng.",,,,,
,,,,,5.0,
2.0,"Ngay Trung tâm hành chính TP.Mới Bình Dương, cách TPHCM chỉ 30p di chuyển,TP.Thủ Dầu Một 10p.",,,,,
,,,,,5.0,
,,,2.0,,,
,,,4.0,,,
,,,4.0,3.0,3.0,
,,,,,5.0,"5 tầng, đã hoàn thiệ bên ngoài và tầng tiện ích xung quanh như trường học, khu vui chơi, khu ăn uống, khu học tập, không khí rất trong lành, tọa lạc ở vị trí cực đẹp trong dự án, dân cư đông vui, có thể vừa ở vừa kinh doanh hoặc văn phòng cực tốt. KĐT nằm trên trục đường 5A cũ chạy thẳng về sân bay Nội Bài. Thích hợp mua an cư hoặc đầu tư lâu dài..."
,"sát Bình Thạnh, Phú Nhuận, ra sân bay chỉ 5 phút.",,,,,
,,,,,,
7.3,"Khu dân cư an ninh, dân trí cao, sầm uất, xe lưu thông thường xuyên.",,,,,
,,,2.0,,,
,"Mặt tiền kinh doanh đường số 18 ngay trường Đại Học Nông Lâm, tuyến ga Metro, Khu Công Nghệ Cao..",,3.0,,,
,,72.0,3.0,,2.0,"2 tầng, 3 phòng ngủ."
6.7,"Khu dân cư an ninh, dân trí cao, sầm uất, xe lưu thông thường xuyên.",,,,,
,,,,,,
,,,4.0,,,
,,,1.0,,5.0,
,,,,,5.0,"5 tầng, 8 phòng, Thiết kế hiện đại, full đồ cần thiết như  Bếp, gường tủ, nóng lạnh, điều hòa, máy giặt..."
,"đối diện chợ Tân Trụ, thông Trần Thái Tông, gần Trường Chinh, KCN Tân Bình.",,,,,
,"gần chợ Hạnh Thông Tây,",101.0,9.0,,5.0,"5 tầng, sân thượng trước, sau, với 9 phòng ngủ."
,"ngay Đại học Ngân Hàng, Cao Đẳng Nghề, cao Đẳng Xây dựng..",,,6.0,,
,"Cách đường 304 100m, gần cổng 2. P. Trung Dũng, BH, ĐN.",,,,,
,"đắc địa ngay Luỹ Bán Bích, Đầm Sen Park, tiếp giáp Tân Bình, thuận tiện vào trung tâm.",56.0,,,,
,,,,,3.0,
,,,,,3.0,
,ngay Bình Thới giao với Minh Phụng.,,,,,
,,,,,,
,,55.0,,,5.0,
,,,,,6.0,"6 tầng, thang máy mới"
,và tiện ích xung quanh,,,,3.0,
,,,,,,
,,,,,,
,"gần công viên Làng Hoa, trường học các cấp, chợ Hạnh Thông Tây,  Tiện ích cuộc sống vây quanh",,,,,
,,72.0,,6.0,5.0,
,"kết nối các xã Đông Mỹ, Văn điển, Ngũ Hiệp, Liên Ninh, Ngọc Hồi đến các tuyến phố lớn như giải phóng, Trương định, Trần Thủ Độ, Phan Trọng Tuệ, đến các quận Trung tâm hà Nội như Hoàng Mai, Hai Bà Trưng, hà Đông, Thanh Xuân",,2.0,,2.0,
,,,,,,
,,,,,,
,,,,,24.0,"24 tầng, mặt tiền 3.6m, mới xây sửa tháng 62022."
,,,,,,
,"đắc địa, đối diện 3 tòa tháp chung cư cao cấp Hoàng Huy Commerce.",75.0,,,,
,,,6.0,,5.0,
10.2,,52.0,,,5.0,
,"kết nối các xã Đông Mỹ, Văn điển, Ngũ Hiệp, Liên Ninh, Ngọc Hồi đến các tuyến phố lớn như giải phóng, Trương định, Trần Thủ Độ, Phan Trọng Tuệ, đến các quận Trung tâm hà Nội như Hoàng Mai, Hai Bà Trưng, hà Đông, Thanh Xuân",,2.0,,2.0,
,,,,,,
,"nằm ngay ngã 3 Tân Sơn Nhì, Kết nối Nguyễn Thế Truyện và Nguyễn Cửu Đàm",,,,2.0,"2 tầng, 1 trệt 1 lửng để thông sàn, thuận tiện cho việc kinh doanh."
,"1 Quốc lộ 1A, cách mặt tiền 20m, gần bên CVPM Quang Trung.",,2.0,,,
,,,,,,
,,,,,,
,,,,,,
,,,,,,
,,,6.0,,,
,,,,,2.0,
,,35.0,,,,
,"đẹp nằm trên tuyến phố chuyên kinh doanh ăn uống sầm uất nhất Trâu Quỳ. Xung quanh đông dân, nơi tập trung dân có điều kiện, an ninh tốt, tiện ích nhiều, gần UBND Quận, gần hồ điều hòa, bệnh viện đa khoa, khu đô thị Vin Ocean Park, thích hợp mua ở và hoặc mua kinh doanh ăn uống...",247.0,,,,
,,45.0,,,,
,,,,,,
,,,,,,
,gần siêu thị Coopmart Quang Trung.,63.0,,,2.0,
,,,,,,
,,,,,,
,,,,,,
,,100.0,,,,
,,,,,,
,"rất thuận lợi, mặt ngõ thông ra nhiều ngả. Đi chợ, tới trường, ga tàu điện đều rất thuận lợi.",30.0,,,5.0,
,,,,,,
,,59.0,,,,
,,,,,4.0,
,,,6.0,,5.0,
,,,,,,
,,100.0,,,,
23.5,ngay Trần Não dễ dàng di chuyển,,,,,
,"Cạnh Aeon Mall Tên Lửa  hệ thống Bệnh viện Quốc tế, Gia An...,",,,,4.0,
34.0,tuyệt đẹp Ngay ngã tư Võ Văn Kiệt,,,,,
,,,,,,
,,,,,,
,"Định Công gần Cầu định công, Vành Đai 2.5  Ba bước ra ô tô tránh.",,,,,
,"trung tâm gần nhiều bệnh viên, trường học, trung tâm thương mại, có tiềm năng kinh doanh lớn",,,,4.0,
,,,,,5.0,"5 tầng, tặng lại full nội thất, chỉ việc về ở."
,"ngay mặt tiền khu tên lửa, khu dân trí cao, an ninh, xe hơi ngủ trong nhà, gần chợ, trường học, Aeon Bình Tân, tiện ích xung quanh không thiếu gì, di chuyển dễ ra Tỉnh Lộ 10, Vành Đai Trong, Mã Lò, Tân Hòa Đông, giáp Q6, Q.Tân Phú.,",,,,,
,,,,,,
,,,4.0,3.0,2.0,
,"Đường Thạch Sơn, TT Sapa",,,,2.0,
,,,,,5.0,
,,,1.0,,4.0,
,,,,,4.0,
,vip nhất Thủ Đức.,,,,,
,,,,,4.0,"4 tầng, diện tích trên sổ 15m2, chủ mua thêm 6m2 của hàng xóm để làm khu bếp  có giấy tờ chứng từ viết tay, khách mua có thể gộp sổ thành 21m2."
4.5,,,4.0,,6.0,
,,,,,4.0,"4 tầng, 3 PN, 3WC."
3.9,,,,,3.0,
,"ngay ngã ba cây xăng Lã Xuân Oai, Lê Văn Việt,chợ Tăng Nhơn Phú A, Đại học GTVT, trường cấp 2 Lê Quý Đôn",,,,4.0,
,,,2.0,,,
,,,1.0,1.0,,
,,,,,,
,"gần cv lê thị riêng, ngã tư bảy hiền, chợ Tân Bình.",,,,4.0,
,,,3.0,,4.0,
,"Tăng Nhơn Phú , Tp . Thủ Đức",,,,,
,nhà ngay gần ngã tư NƠ TRANG LONG  TRẦN QUÝ CÁP,,,,,
,"Căn góc  3 MẶT TIỀN đường Phan Văn Trị, Phường 5 Quận Gò Vấp",,,,,
,,,,,3.0,
,,,,,,
,,,,,,
5.8,,,,,,
3.6,,,,,4.0,"4 tầng, mặt tiền rộng. Cách nhà 30m ra đường ô Tô tránh, gần bãi gửi xe ô tô."
,,,,,,
,,,,,,
,"đắc địa gần Cao Đẳng Kinh Tế Đối Ngoại , Trung cấp nghề Suleco , Trường THCS Phước Bình, Chợ Phước Bình",,,,2.0,
3.0,"Nhà nằm ngay gần trường học các cấp, khu xóm an ninh yên tĩnh. Gần chợ, siêu thị, công an phường, công viên khu vui chơi giải trí.",,,,,
3.0,,,,,,
3.0,,,,,,
3.4,"Nhà nằm gần trường học các cấp. Gần chợ, siêu thị, công an phường, công viên khu vui chơi giải trí.",,,,,
,,,,,,
,,,,,,
15.0,,,,,5.0,
,,,,,,
,,,,,,
,"đắc địa, trung tâm Hải Châu, gần cầu Rồng, UBND quận Hải Châu, các trường đại học, trung học các cấp, chợ, siêu thị  tiện ích xung quanh không thiếu thứ gì. Kình doanh căn hộ tốt, doanh thu dòng tiền 25triệutháng. Nhà nằm trên kiệt rộng sau lưng 1 nhà mặt tiền đường.",,1.0,,,
,,,,,2.0,
,,,,,5.0,
,"Mặt tiền đường số 9 Lê Văn Thọ, P.9, Gò vấp. Gần Bệnh viện, Công viên Làng Hoa, trường học các cấp. Thuận tiện kinh doanh mọi ngành nghề.",63.0,,,,
,,,,,,
,"đẹp, gần ngã tư Bảy Hiền, bệnh viện Thống Nhất và chợ vải Tân Bình.",,4.0,,4.0,"4 tầng, 4 phòng ngủ, mỗi phòng điều có cửa sổ thoáng mát, ban công từng tầng, giếng trời giữa nhà nên rất thoáng mát"
,,,,,,
,,,2.0,,4.0,"4 tầng, xây khung cột bê tông cốt thép chắc chắn"
,,,,,,
,"sát Bảy hiền, khu dân cư Bàu Cát, gần chợ, trường học",,,,3.0,
,,,,,4.0,
,,,,,,
,,45.0,,,4.0,
,,,2.0,,4.0,
,"thuận lợi gần các khu công nghiệp, tiềm năng cho việc xây dựng phòng trọ hoặc đầu tư.",,,,,
,,,,,,
,,68.0,,,3.0,"3 tầng, giá 10.5 tỷ."
,,47.0,,,4.0,"4 tầng, giá 7.7 tỷ."
,,,6.0,,,
,,,3.0,,,
,"đẹp, gần phố, nhà nằm trên mặt ngõ thông, ô tô đỗ cửa, vào nhà. Kinh doanh.",,,,,
,,84.0,,,,
,,,,,,
,"đẹp HXH, ngay Lạc Long Quân, gần chợ, Giáp Âu Cơ , Lý Thường Kiệt, Quận 10",,,,,
,,,,,,
,"Hẻm 1 Tân Thành , gần chợ , Giáp Âu Cơ , Thoại Ngọc Hầu, Tân Bình Quận 10",,,,,
,,,,,,
,"Khu đất LK13, LK14  Tổ 3,đường Điện Biên Phủ, phường Phan Si Păng, thị xã Sa Pa, tỉnh Lào Cai",,,,4.0,
,"sát chợ Hạnh Thông Tây, một trong những trung tâm mua bán quần áo, phụ kiện điện thoại sầm uất của quận Gò Vấp, dịch vụ tiện ích bao la. Gần trường học các cấp, bênh viện, Ủy ban. Tiện vừa ở vừa kinh doanh, cho thuê.",80.0,3.0,,4.0,"4 tầng, 3 phòng ngủ, phòng thờ, sân thượng trước, sau. Tầng trệt thông sàn để kinh doanh. Đang cho thuê kinh doanh quần áo 30trtháng"
,,,,,,
,,,,,,
,"Mặt tiền đường đường chính Kha Vạn Cân, chủ nhà đang tự  kinh doanh",,,,,
,"đẹp, cách 100m ra mặt tiền Đặng Văn Bi,cách 200m ra chung cư MoonLight, khu VIP Thủ Đức.",,,,,
,,,,,4.0,
,,,,,,
,"đẹp cách đường Liên Hoa và Xuân Lạc khoảng 150m, cách sông 150m, cách trường mầm non Xuân Lạc 180m, cách chợ Vĩnh Ngọc 800m, cách trường tiểu học khoảng 700m..",79.4,,,2.0,
,,,5.0,,,
,,,,,,
,"đắc địa gần Chợ , Vincom , Đi về Q.2 , Vinhome Grand Park , Ngã tư Thủ Đức",,,,,
,"cách đường chính và trạm y tế xã 350m, cách chợ Vĩnh Ngọc 300m, cách Lương Định Của 250m, cách KĐT Vĩnh Điềm Trung 700m, cách bệnh viện đa khoa 1.2km, cách Big C 1.5km....",72.6,,,,
,,,,,,
,"cách Lương Định Của 100m, cách KĐT Vĩnh Điềm Trung 500m thừa hưởng toàn bộ tiện ích Của KĐT như bệnh viện đa khoa  trường học Quốc Tế  mầm non  siêu thị Big C nhà hàng  cà phê  quán nhậu,...",112.0,,,,
,"Hiếm, nhà Lô góc 2 mặt đều là mặt phố kinh doanh Ô Tô chạy thông tứ tung vòng quanh khu ĐH Nông Nghiệp Sinh viên thuê trọ đông đúc. kinh doanh sầm uất,",,,,4.0,
,,,,,,
,"khu phân lô trong chợ Hạnh Thông Tây,  gần trường học, ngân hàng, bênh viện, các dịch vụ tiện ích khác. Vị trí đẹp, thuận tiên kinh doanh mua bán, giao thông thuận tiện",96.0,,,4.0,
,,,,,,
,,,,,,
,,,,,4.0,
,,,1.0,,5.0,
,"hẻm xe tải quay đầu, cách 100m ra mặt tiền Đặng Văn Bi.",45.0,,,,
,,,,,,
,,,,,,
,,,,,,
,,,5.0,,5.0,
,,,,,,
,,,,,,
,ngay sát Đường số 35 Đường Linh Đông  Tô Ngọc Vân,70.0,,,,
,,,5.0,6.0,5.0,
,,,2.0,,,
,"Có một không hai, gần vườn hoa Hà Đông, gần hồ điều hoà, gần chợ, ủy ban phường, công an, trạm y tế. An ninh cực tốt. Giao thông kết nối đường Phùng Hưng, 195, Yên Phúc, Bạch Thái Bưởi, Nguyễn Công Trứ, Trần Phú ô tô chạy vòng quanh. Đầy đủ tiện ích, giao thông thuận lợi.",,,,,
,"cực đẹp, ô tô vào nhà thông ra chợ xanh",,3.0,,5.0,
,"Dăm bước ra mặt phố, thông giữa phố Thái Hà và Nguyễn Văn Tuyết và nhiều ngách khác. Là khu trung tâm, đầy đủ tiện ích, thuận lợi đi lại. Gần ĐH Thủy Lợi, ĐH Công Đoàn, HV Ngân Hàng, Vincom Phạm Ngọc Thạch, Nhà thờ Thái Hà...",,,,5.0,
,"trung tâm thuận tiện di chuyển qua các quận 10, quận 11, Phú Nhuận, Tân Phú.. 5 ra ngã tư Bảy Hiền..",45.0,,,3.0,"3 tầng, lửng  sân thượng với 7 PN, 4 WC, Phòng khách, Bếp thoáng mới đẹp."
5.6,,,5.0,,,
,"rất đẹp ngay Tân Hương, Vườn Lài, dễ dàng di chuyển vào Trung Tâm.",74.0,,,,
,,72.0,,,,
,,,,,,
,"con đường buôn bán kinh doanh sầm uất, tiện cho ac vừa ở vừa kinh doanh hoặc mở văn phòng công ty",,,,,
,"đắc địa , tiện ích đầy đủ , gần sát bên đại học GTVT , khu biệt thự Khang Điền, Vin Mart , trường cấp 1 , 2 ,3",,,,2.0,
,,,,,5.0,"5 tầng, chủ thuê thiêt kế rất đẹp và kiên cố, không gian sáng thoáng, chủ hào phóng tặng lại toàn bộ nội thất cao cấp cho chủ mới"
,,,,,,
,,,,,,
,"hiếm và đẹp , 1km ra hồ Hoàn Kiếm , chợ Hôm , trường học các cấp , bệnh viện trong bán kính 500m.",,,,3.0,
,,,,,2.0,
,,,,,,
,"cách chợ Chiều và Bách Hóa Xanh 500m, cách chợ Vĩnh Ngọc 600m, cách đường Phú Nông 40m, cách KĐT Vĩnh Điềm Trung 400m,...",74.3,,,,
,"cách sông 100m, cách đường Xuân Lạc 100m, cách chợ Vĩnh Ngọc 600m, cách trường tiểu học 500m, cách Lương Định Của 400m, cách trường Cao Thắng 900m, cách KĐT Vĩnh Điềm Trung 1.4km....",61.1,,,,
5.8,,,,,,
,"hẻm nhựa 5m chỉ 1 xẹt_ Cách đường Nguyễn Ái Quốc 100m, cạnh GX Kim Bích. Rất thuận tiện cho gia đình có đạo công giáo an cư. Chỉ vài bước chân là có thể đến nhà thờ đi Lễ.",,,,,
5.8,,,,,,
7.1,,46.0,,,4.0,
5.8,,43.0,2.0,,4.0,
,,37.0,,,,
,"tuyệt đẹp, mặt ngõ ô tô tránh, khu vực dân cư rất đông đúc kinh doanh các loại mặt hàng như tạp hoá, nail, salon tóc.",,,,5.0,
,,,,,4.0,
,,,,,,
,,,,,,
,,,,,,
,,,2.0,,4.0,
,"Hẻm trước nhà gần 4m, cách đường chính 60m, gần BV Chợ Rẫy, chợ Hòa Bình, rạp phim Đống Đa, tiếp giáp với các Quận 1, 3, 10, lưu thông dễ dàng di chuyển.",,,3.0,,
,"Đẹp, hẻm xe hơi trước nhà 5m, cách mặt tiền đường chỉ vài bước chân, gần chợ Rạch Ông, cầu Chữ Y, tiện lưu thông qua các Quận 1, 4, 5, 7, 10, chỉ mất vài phút.",,,,,
,,,,,,
,"đầu hồi sát ngay cạnh 5 tòa chung cư Bitexco, công viên, khu vui chơi và bãi đỗ xe cực kỳ thuận tiện để kinh doanh khách sạn, siêu thị, cafe...",,,,4.0,
,,,,,,
,,64.0,4.0,,,
,"tuyệt đẹp ngay đoạn đầu trục chính, đường 9m, gần UBND xã Yên Thường vài bước chân, cách trường Tiểu học và Trung học phổ thông Yên Thường chỉ 500m.",,,,4.0,
,,,,,,
5.1,,,,,4.0,
,"sát chợ Hạnh Thông Tây, gần trường học các cấp, bênh viện, Ủy ban, dịch vụ tiện ích bao la. Tiện vừa ở vừa kinh doanh, cho thuê.",81.0,4.0,,4.0,"4 tầng, 4 phòng ngủ, sân sau, sân thượng rộng bao la."
,,84.0,,,,
,,,4.0,,4.0,
,,,,,,
,mặt tiền thuận tiện việc kinh doanh hoặc cho thuê.,,7.0,,4.0,
,"đắc mặt tiền kinh doanh, lề đường 4m, tiện kinh doanh đa ngành nghề.",,,,,
,"đắc địa kết nối Nguyễn Thị Định , Đồng Văn Cống",,,,3.0,
12.5,,93.0,4.0,,5.0,
,View công viên Centa City Vsip Từ Sơn,90.0,,,3.0,
,,,,,7.0,"7 tầng, có mặt bằng kinh doanh, penhouse, kiên cố, chắc chắn, tâm huyết."
,,,,,,
,,,4.0,,,
,,,,,5.0,
,,,,,,
,"đắc địa Trung tâm Thành phố, 1 phút đi bộ ra cầu sông Hàn, tiện ích bạc ngàn.",,,,,
,,,,,,
,"ngay chợ Hạnh Thông Tây, gần trường học các cấp, bênh viện, Ủy ban, các dịch vụ tiện ích khác. Vị trí đắc địa, vừa ở vừa kết hợp kinh doanh, cho thuê mặt bằng.",96.0,4.0,,4.0,"4 tầng, 4 phòng ngủ, 3 WC. sân thượng."
,,,,,4.0,"4 tầng, trước nhà sân thoáng, cực đẹp."
,,,2.0,,5.0,
,"sát chợ Hạnh Thông Tây, gần trường học các cấp, bênh viện, Ủy ban, các dịch vụ tiện ích khác. Vị trí đắc địa, vừa ở vừa kết hợp kinh doanh, cho thuê mặt bằng.",96.0,4.0,,3.0,
,"đẹp cách mặt tiền Trường Chỉnh chỉ vài bước chân, hẻm oto thông sang ba vân và Trương Công Định, khu dân trsi cao.",,3.0,,5.0,
,"tuyệt vời cho kinh doanh hay cho thuê, tận dụng tiềm năng kinh tế của khu vực sầm uất.",65.0,,,,
,,,,,,
,"đẹp ngay khu vực ăn uống Đồng Đen, di chuyển vài phút là tới đường Trường Chinh và Ngã Tử Bảy Hiền",,3.0,4.0,4.0,
,,,2.0,,4.0,
,,,,,,
,,,,,,
,,,,,,
,,,,,,
,,,2.0,,3.0,
,,,,,,
,,,,,,
,,,,,,
,"Lê Ngô Cát , Thủy Xuân,  Tp Huế.",,,,,
,"đắc địa, trung tâm Tân Phú. Hẻm xe hơi vào nhà, gần mặt tiền đường.",88.0,3.0,,,
,,,4.0,,,
,"tuyệt đẹp gần chợ Tân Bình, giáp Quận 10 và 11, tiện ích xung quanh.",,,,5.0,"5 tầng, trang bị nội ngoại thất xịn."
,,,4.0,,4.0,
,,,2.0,,,
,,,,,,
,,,,,,
,,,,,,
4.85,,42.0,,,5.0,
,"Quốc lộ 1A, Tân Chánh Hiệp, gần BV Q.12, Dương Thị Mười.",,,,,
,,,4.0,,4.0,
,,,,,,
,"Ngay Trung tâm Gò Dầu, Tân Sơn Nhì, Tân Hương, Gần Aeon mall Tân Phú.",,,,2.0,
,"đắc địa kết nối Q.2 , Q.7 , Q.9 , Đồng Nai, Cần Giờ",,,,3.0,
,"Gần KDL Bửu Long,cách đường Huỳnh Văn Nghệ khoảng 300m",,,,,
,,,2.0,,,
,,,,,,
,,,3.0,,,
,,,,,,
,,,,,,
,,,,,,
,,,4.0,,5.0,
,,,2.0,,,
,,,3.0,,,
9.5,cách Phạm Văn Đồng 200m.,,,,,
,"Hẻm xe hơi đỗ cửa Tân Sơn Nhì, cách mặt tiền 1 căn. Ngay trung tâm hành chính quận Tân Phú, cách sân bay 10M, trung tâm ẩm thực sầm uất ngày đêm, tiện ích bao quanh",,,,,
,,,2.0,,,
,"Ngay gần chợ khiết tâm  Giáo sứ khiết tâm  Chùa Bửu Quang. Sát bên KCN Sóng Thần, Các Trường mầm non C1 C2  C3...",,,,4.0,
,,,,,,
,,35.0,3.0,,,
,,,,,,
,,,,,,
,"tuyệt vời, ngay đối diện Vinhomes, tiện ích đa dạng.",61.0,,,5.0,
,"vô cùng đắc địa, ngõ thông, tầng 1 kinh doanh hoặc làm gara oto 7 chỗ rất tiện lợi.",,,,4.0,"4 tầng, mặt tiền 4.5m giá hơn 7 tỷ"
3.5,,,,,5.0,"5 tầng, 5 phòng khép kín"
3.4,,,4.0,,,
,20m đã ra mặt tiền đường Phan Văn Trị Phường 10 Gò Vấp.,46.0,3.0,,4.0,"4 tầng, 3 phòng ngủ, 3WC, 2 mặt hẻm, xe hơi ngủ nhà."
,,,2.0,,,
,,,,,4.0,
,,,,,,
,,72.0,,,,
,"đẹp, kinh doanh sầm uất",,,,4.0,
,,,,,,
,khu vực Hồng Tiến Bồ Đề Lâm Du,,,,4.0,"4 tầng, ô chờ thang máy, phù hợp vừa ở vừa setup văn phòng công ty"
,,100.0,2.0,,,
,,,4.0,,,
,,,,,5.0,"5 tầng, thiết kế khung cột chắc chắn  THOÁNG HAI MẶT. Nếu để ở cải tạo thêm thang máy, nếu để kinh doanh thì decor lại thì theo nhu cầu từ văn phòng, café, hiệu thuốc, spa và rất nhiều loại hình dịch vụ khác. Nhà có thiết kế cụ thể như sau"
19.5,"Ngô Gia TựĐặng Vũ Hỷ, gần khu đô thị Việt Hưng",,,,2.0,
,,,,,,
,"cực đỉnh, chỉ 3 bước chân ra mặt ngõ Oto tránh, trường học các cấp xung quanh.",,1.0,,5.0,
,,,,,,
,,,4.0,,,
,,,,,,
,Khu vực Quảng Khánh Từ HoaYên Hoa,,,,3.0,
,,,4.0,,,
5.7,"Khu dân cư an ninh, dân trí cao, văn minh, sạch sẽ.",,4.0,5.0,,
,"thuận tiện, gần siêu thị, gần trường học, gần chợ",,,,2.0,"2 tầng,  |	Đường trước nhà 5m, hẽm thông nhiều phía, sạch sẽ dân trí cao."
,,,3.0,,,
,,,2.0,2.0,,
,khu nhà cao tầng gần Nguyễn Văn Khối phường 8 Gò Vấp.,67.0,5.0,,5.0,
,,,,,7.0,
,,,3.0,,,
,"đẹp trung tâm quận Hà Đông, hàng xóm của khu đô thị Văn Quán. Vài bước chân ra đường Trần Phú. Siêu thị Big C cạnh nhà.",,,,4.0,"4 tầng, diện tích 58m, có sân chơi rất rộng."
,,,,,4.0,"4 tầng, 40m, vỉa hè rộng 10m tha hề để xe ."
,,,2.0,,,
,,,,,,
,,57.0,,,2.0,"2 tầng, 1 trệt 1 lầu 3PN."
9.3,,,,,,
,"dãy nhà cao tầng khu phân lô đường Thống Nhất phường 11 Gò Vấp, gần trường học, các dịch vụ tiện ích khác.",55.0,,,5.0,
5.4,,,,,3.0,"3 tầng, diện tích 41m2, view sân chơi thoáng vĩnh viễn."
,,,,,,
,,,,,4.0,
,,,,,5.0,
,"gần mặt tiền, khu vực an ninh, dân trí cao, xung quanh nhiều tiên ích.",,3.0,2.0,3.0,
,,,,,2.0,"2 tầng, cách MT 15m, hẻm trước nhà 5m rộng, thông tứ phía."
,,,4.0,,6.0,"6 tầng, diện tích sổ đỏ 33m2 từ tầng 2 đua ra được 38m2 mặt tiền 3.5m. Tổng có 4 phòng ngủ, 1 phòng khách, bếp , phòng thờ sân phơi vào 5 vs."
,"gần khu vực bàu cát, khu vực an ninh, dân trí cao, xung quanh nhiều tiện ích.",,6.0,2.0,5.0,
25.0,cách vòng xoay Trần Não 100m,,,,,
,,,,,,
,,,,,,
,"lô góc 3 mặt thoáng, ngõ trước nhà rộng 4m, ô tô đỗ cửa. Gần nhiều trường học, trung tâm thương mại, bệnh viện lớn. Giao thông thuận tiện, an sinh đỉnh.",4045.0,,,4.0,"4 tầng, MT 4m"
5.2,"Định Công gần Cầu định công, Vành Đai 2.5  Ba bước ra Phố Trịnh Đình Cửu, ô tô tải tránh.",,,,4.0,"4 tầng, MT 4.8m . Giá 5.2 tỷ"
,"đẹp, ô tô 4 chỗ đỗ cửa, ngõ thông các ngõ. Gần nhiều trường học, bệnh viện, trung tâm hành chính, thương mại. Giao thông thuận tiện, dân trí cao, an sinh đỉnh.",,,,6.0,"6 tầng, Mặt tiền 3.63m"
,"tuyệt đẹp ngay Aeon Mall Tân Phú, Trường Học Các Cấp, Giáp Tân Bình, Sân Bay 10p.",64.0,,,,
,,,,,2.0,"2 tầng, lửng, sân thượng"
,,,1.0,,,
,,,,,,
,gần sát mặt phố Thanh Bình. Ngõ xe 3 gác đỗ cửa.,,,,6.0,"6 tầng, 9 phòng doanh thu 30 triệutháng."
,,,,,7.0,"7 tầng, doanh thu gần 50 triệutháng, không bao giờ thiếu khách thuê ở dài hạn."
,,,,,,
7.0,"Mặt Ngõ thông, Kinh doanh Ô tô tránh, vào nhà. Thông các Phố Trương Định, Nguyễn An Ninh, Hoàng Mai, Tân Mai, Nguyễn Đức Cảnh...",,,,4.0,
,"trung tâm, cách phố lớn vài bước chân, giao thông rất thuận tiện. Kết nối các tuyến phố lớn Khương Đình, Nguyễn Trãi, Nguyễn Xiển, Định Công, Vũ Tông Phan, Trần Hòa, Định Công Thượng...",,,,6.0,"6 tầng, 8 ngủ, khách, bếp, phòng thờ, sân phơi. Tầm tiền này cực hiếm."
6.0,"đắc địa, hiếm nhà bán, ngõ thông Lạc Long Quân  Trịnh Công Sơn phố đi bộ, ngõ ô tô con lý thuyết, SH quay đầu, 80m thông ra phố Trịnh Công Sơn, 100m ra Lotte Mall trung tâm thương mại Tây Hồ.",,,,6.0,"6 tầng, 33m²."
,,,,,,
,,,,,,
,,,,,,
,,,,,4.0,"4 tầng, thiết kế thoáng trước sau, ô tô vào nhà 2 chiếc. Chủ mới có thể hoàn thiện theo nhu cầu sử dụng, có thể vừa ở vừa cho thuê. Nhà khu cột bê tông chắc chắn, móng tốt lên tầng thoải mái."
,,,,,,
,,,,,,
,,,,,,
,dự án,,,,4.0,
,,,4.0,3.0,,
,"đẹp nằm ngay khu Phan Anh cực đông đúc, sầm uất, gần chợ, Bách Hoá Xanh, Điện Máy Xanh giáp Lý Thánh Tông, Tô Hiệu, Hoà Bình, Tân Hoà Đông",,2.0,2.0,,
,"siêu đẹp, khu vip của quận, gần UBND, Trường Học Các Cấp, Bệnh Viện, Tân Bình vài bước.",96.0,,,,
,"trung tâm tiện ích phường Thới An, gần UBND Quận, UBND phường, gần chợ, trường học các cấp.",,,,2.0,"2 tầng, 3PN, có sân trước, sân sau. Sân để được xe 7 chỗ."
,"đắc địa, cách mặt phố Trịnh Công Sơn 50m. Tuyến phố đi bộ Tây ở nhiều hơn Ta. Ở rất sướng cho thuê căn hộ dịch vụ tuyệt vời",,,,7.0,"7 tầng, thang máy,  62m², 11 tỷ 5thương lượng."
,"Dương Đình Hội , Phước Long B , Tp. Thủ Đức",,,,,
,"đường Nguyễn Văn Khối phường 11 Gò Vấp. Bán kinh 500m tiện ích không thiếu thứ gì, trường học, chợ, siêu thị, ngân hàng v.v.",100.0,,,,
,,,,,,
,,,,,,
7.9,,,,,5.0,"5 tầng, diện tích 52m2, nhà xây chắc chắn vững chãi, phòng nào cũng có ánh sáng."
,"nhà bán cách trường mầm non Thịnh Liệt chỉ 20m, ngõ thông, ô tô tránh, vào nhà.  Nhà xây kiên cố. Chủ đang cho thuê 15 triệu tháng. Khách mua về sửa nhẹ, thêm nước Sơn là long lanh.",,,,,
,,,,,,
,,,,,1.0,"1 tầng, 3p ngủ  ,5p cho thuê nghỉ đêm, bếp và phòng ăn rộng rãi,phòng khách 30m2, sân đỗ được 3 ô tô ,khu dân cư đông đúc,trường học , cách TT 20km"
7.55,,,,,,
,,27.0,2.0,,,
,,,3.0,,2.0,
8.45,,,,,5.0,"5 tầng, diện tích 53m2, dễ cho thuê hoặc kinh doanh văn phòng."
,,,5.0,6.0,,
,,,,,,
,"Tân Trụ, gần Nguyễn Phúc Chu, Phan Huy Ích, Trường Chinh, KCN Tân Bình.",,,,,
,,,,,4.0,"4 tầng, có 6 CHDV full nội thất và 1 mặt bằng đang cho thuê, doanh thu hiện tại 80trth"
4.1,,,2.0,,,
,,,,,,
,,,2.0,,,
,"đắc địa, gần nút giao Hào Nam ga Cát Linh, thông các tuyến phố Hào NamCát LinhAn TrạchTrịnh Hoài Đức, giao thông cực thuận lợi",,,,8.0,
,,,,,,
,,,,,,
,,,2.0,,,
,,,,,,
,,,,,4.0,
,"gần Công viên Làng Hoa, Coopfood, Bán kính 1km là Chợ Hạnh Thông Tây, trường học các cấp, Bệnh viện Quận, BV Hồng Đức, ngân hàng Nông nghiệp, Đông Á, khu vực buôn bán kinh doanh sầm uất.",43.0,4.0,,4.0,"4 tầng, 4 phòng ngủ, 3 WC, 1 phòng khách, 1 phòng giặt và phơi đồ, sân thượng trước sau, giếng trời,"
,,,,,,
,"gần Phạm Văn Đồng,Lê Quang Định gần chợ Cây Quéo, gần trường học các cấp,giao thông thuận tiện, qua Gò Vấp chỉ mất vài phút.Dịch vụ tiện ích đầy đủ.",,,,,
,"ngay chợ Ông Địa hẻm thông, gần Lạc Long Quân, Quận 10.",23.0,,,,
,,,,,,
,,,5.0,,,
,,,,,4.0,
,,,5.0,,,
,,,3.0,,,
,,,3.0,,5.0,
,,,,,,
,,84.0,,,,
,"gần ngay UBND phường Hoá An, gần trường tiểu học Hoá An, cách đường Nguyễn Ái QUốc khoảng 100m",59.0,,,,
,"đắc địa, thuận lợi đi các hướng SG, Bình Dương, Long Thành, đặc biệt gần trung tâm hành chính tỉnh.",,,,,
,"hẻm 1 sẹc đường Số 14, gần đường Nguyễn Văn Khối phường 8 Gò Vấp. Phù hợp để ở, vừa ở vừa kinh doanh spa, văn phòng Công ty v.v.",69.0,4.0,,4.0,
,,,,,4.0,
,"nhà thuộc khu phân lô Thượng Thanh tiếp giáp với Ngọc Thụy, gần cầu Đông Trù. Nhà thuộc dãy thứ hai sau mặt đường lớn, thuận tiện giao thông các ngả đi Đức Giang, Ngô Gia Tự, Đặng Vũ Hỷ, Thanh Am, Lý Sơn. Khu vực đã được quy hoạch đồng bộ, tiện ích dịch vụ gần nhà đầy đủ, trường học từ mần non đến THPH. Nhà thuộc lô góc thoáng, phù hợp làm văn phòng công ty kết hợp ở rất thuận tiện.",,2.0,,5.0,"5 tầng, có thể lên tầng thoải mái"
,"tuyệt đẹp, sát bên Tân Bình, thuận tiện di chuyển sân bay 5p, vào quận trung tâm rất gần.",60.0,,,,
,,110.0,,,,
7.9,,,,,5.0,"5 tầng, diện tích 49m2, thoáng cả trước lẫn sau, đằng sau là sân trung tâm Y Tế nên thoáng vĩnh viễn."
,,,,,,
,"khu tái định cư Ngọc Thuỵ, cạnh Khai Sơn City, trường VIệt Pháp, gần đường Hồng Tiến 40m kéo dài, 5 phút đến cầu Chương Dương",,,,4.0,"4 tầng, giếng trời, tặng full nội thất."
,,,1.0,,5.0,
,,,,,,
,,,,,5.0,
,siêu đẹp,,5.0,5.0,,
,,,,,,
,,,,,,
,,,,,,
,"Nằm trên con Phố Đội Cấn chỉ cách 5p ra Hoàng Thành Thăng Long, Bảo Tàng Hồ Chí Minh, cắt giữa trục Ngọc Hà và Liễu Giai.Xung quanh tiện ích bạt ngàn shop thời trang mỹ phẩm",,,,4.0,
,,,6.0,,5.0,"5 tầng, 6 phòng ngủ, ở hay cho thuê dịch vụ đều rất ok. Giá nhỉnh 6 tỷ"
,"gần ngã ba Tân Sơn, thuận tiện đi Tân Bình, Tân Phú, vào Trung tâm Thành phố, về Miền Tây, v.v",,,,,
,,,3.0,,2.0,
,,,,,,
,,,,,,
,"cực đẹp gần bệnh viện Bình Tân, coopmart Bình Tân giáp Mã Lò, Chiến Lược, Tỉnh Lộ 10.",,4.0,,,
,,,,,,
,,,,,,
,khu nhà cao tầng đường Số 21 phường 8 Gò Vấp.,53.0,3.0,,4.0,"4 tầng, 3 phòng ngủ, 3 WC, chỗ để xe hơi."
,,,,,,
6.6,,45.0,,,4.0,"4 tầng, nhà xây kiên cố chắc chắn."
,"trung tâm quận Ba Đình, gần các tuyến phố Vĩnh phúc, Đội cắn, Hoàng quốc việt, văn cao Thụy Khuê, kim mã, .",,3.0,,,
,,,3.0,,,
,,,,,,
,"sát bên chợ Bà Chiểu, gần trường học các cấp, mầm non , bệnh viện Ung Bướu,bệnh viện Gia Định, hướng ra đường Bạch Đằng, Phan Đăng Lưu, siêu thị,ủy ban, dịch vụ tiện ích đầy đủ.",,,,,
,,,,,,
,,,4.0,,,
,,,6.0,,,
,"tiện ích gần chợ Tân Lập, Cao tốc , trường học , dịch vụ , khu ăn uống ngoài trời",,,,,
,,,,,,
,,,3.0,,2.0,
,"Trung tâm Cầu Giấy, đi lại thuận tiện, ngõ thông, ô tô qua nhà",,,,,
,,,,,2.0,
,,,,,4.0,"4 tầng, ô tô ngủ trong nhà chỉ 5.7 tỷ."
,"sát bên Cao Đẳng Công Thương, chợ, khu ăn uống",,,,4.0,
,,,,,,
,,,6.0,,5.0,"5 tầng, 6 ngủ, nhà rộng, thoáng sáng, chỉ 5 tỷ 480 triệu"
11.9,,59.0,,,7.0,"7 tầng, lô góc 2 thoáng, nội thất đẹp mê ly."
,,,,,,
,"mặt đường Thiên Lôi tại khu Vĩnh Niệm, Lê Chân, Hải Phòng, nơi giao thông thuận tiện, tiềm năng phát triển.",,,,,
,,,,,,
,"Ngay giao lộ hai trục đường Chính Tên Lửa và Đường số 1. Gần Aeon Mall Bình Tân. Bên cạnh FPT Shop, đối diện Highlight Coffe...",,,,3.0,
,"hẻm 1  đường Tên lửa cách vài bước ra đường lớn, gần tỉnh lộ 10",,2.0,,,
,"mặt tiền đường số 1a, gần vành đai trong, song song với đường số 1, mua ở hay kinh doanh đều rất ok",,,,,
,,,3.0,,,
,,,4.0,,,
4.0,,,4.0,,,
,,,,,,
7.5,"Khu dân cư an ninh, dân trí cao, văn minh, sạch sẽ.",,4.0,5.0,,
,,,,,,
,,,,,4.0,
,,,,,,
,,,,,,
,,,,,5.0,"5 tầng, chủ mới sửa lại đẹp"
,,45.0,,,,
,,,,,,
,,,,,5.0,
,,,,,,
,,,,,,
,,,3.0,,3.0,
,"cách đường lớn 30m, khu vực nhiều cơ sở kinh doanh dịch vụ, hàng quán.",58.0,3.0,,3.0,
,,,4.0,,,
,,,,,,
,,,4.0,,6.0,
,,,3.0,,,
,,,,,,
,,,,,,
,"đắc địa, cách trường tiểu học Tân Mai 800m, cách cấp 3 Trương Định 200m. Tổ chức học thêm và ôn thi luôn đông học sinh.",,,,4.0,"4 tầng, 5 phòng rộng. Phù hợp làm trung tâm anh ngữ hoặc nơi giảng dạy các môn Toán, Tiếng Việt hoặc học thêm cho các học sinh cấp 1, cấp 2 và cấp 3"
,,,,,,
,"sát hẻm xe tải tránh, gần chợ, trường học, BHX. Bán kính 1 km là chợ Hạnh Thông Tây, Lotte Mart, Công viên Làng Hoa, Bệnh viện Quận, Hồng Đức, tiện ích không thiếu thứ gì.",42.5,2.0,,,
,,,3.0,,,
,,,,,5.0,
,cực đỉnh tại phường Trường Thọ,75.0,,,,
,thuận lợi cho kinh doanh với gần 10m mặt tiền đường.,,,,2.0,
,,92.0,8.0,,6.0,
,,,2.0,,5.0,
,"ngay chợ Thạnh phú, sát TT Biên Hoà",,,,,
,"đắc địa, gần Lâm Văn Bền, Nguyễn Thị Thập.",,,,,
,,,,,,
,,,4.0,,4.0,
,,,,,,
,,,,,,
,,,4.0,,,
,,,,,,
,"vài bước tới Lotte Mart , sát khu CityLand, khu Phan Văn Trị, Thống Nhất, Quang Trung. Khu sầm uất, đầy đủ tiện ích.",,,,,
,,,,,4.0,"4 tầng, có 6 CHDV full nội thất và 1 mặt bằng đang cho thuê, doanh thu hiện tại 80trth"
7.0,"Khu dân cư an ninh, dân trí cao, văn minh, sạch sẽ.",,,,,
4.25,"Khu dân cư an ninh, dân trí cao, văn minh, sạch sẽ.",,,,,
,,,,,,
,,,,,,
,,,,,5.0,
,,,,,,
,di chuyển ra Phạm Văn Đồng chỉ 200m.,,,,4.0,
4.25,"Khu dân cư an ninh, dân trí cao, văn minh, sạch sẽ.",,,,,
,,,,,,
,,,,,,
,,,,,6.0,
,,,,,,
,,,,,1.0,
,,,,,7.0,
,,,,,,
,đẹp ngay Ngã Sáu Phù Đổng siêu đắc địa.,,,,3.0,
,thuận tiện di chuyển qua các quận trung tâm.,,,,,
,đẹp vô cùng đắc địa và sang trọng.,,,,5.0,
,,,,,6.0,
,,,,,10.0,
,"siêu đẹp, liền kề Tân Bình, Bình Tân, tiện di chuyển vào trung tâm.",70.0,,,,
,,,,,7.0,
,cực đẹp góc 3 mặt tiền thông thoáng.,,,,,
,,,,,,
,,,,,,
,"đẹp góc 2 mặt tiền, đoạn 2 chiều cực thuận tiện.",,,,5.0,
,,,,,,
,,,,,,
,,,,,,
,,,,,,
,quá tuyệt vời.,,,,4.0,
,"thông thoáng an ninh nhà rộng rãi, sát mặt tiền, thông ra Bùi Đình Tuý",,3.0,,,
,,,2.0,,,
,,,,,,
,,37.0,,,,
,,70.0,,,,
,,,,,10.0,
,"đi ra Đỗ Xuân Hợp 20m, ngã tư Bình Thái , metro Suối Tiên 7ph",,,,3.0,"3 tầng, nội thất gỗ mới đẹp, có 3 PN 4WC tiện cho gia đình"
8.3,,,,,4.0,"4 tầng, 42m2, mặt tiền đẹp, thoáng sáng, nhà thiết kế hiện đại vô cùng hợp lý."
,,,,,1.0,
,,,,,5.0,
,,,,,,
,"đắc địa, toạ lạc trên trục đường chính của Sài Gòn, khu kinh doanh sầm uất.",,,,4.0,
,"đẹp nhà 2 mặt tiền, tuyến đường lớn thương hiệu.",,,,5.0,
,,,,,,
,,,,,,
,,,,,9.0,
,"sát đường Nguyễn Văn Trỗi, 10 phút ra sân bay TSN.",,2.0,,3.0,
,,,,,,
,,,,,,
,,,,,2.0,"2 tầng, Diện tích sử dụng 68m2."
,,,,,2.0,
,,,,,,
,"đẹp kinh doanh, dân trí tốt.",,2.0,,4.0,
,"Trung tâm quận Tân Bình giáp Q10, Q11, ngay khu ẩm thực Nguyễn Thị Nhỏ, nhà thờ Hầm, gần chợ Ông Địa, Trường học các cấp 1,2,3 gần Đại học Bách Khoa, Kinh Tế, Hoa Sen,...",,6.0,,4.0,"4 tầng, hẻm rộng thông thoáng, 5 tỷ 99 thương lượng"
,"Nằm giữa phố đi bộ Nguyễn Huệ  Đồng Khởi, vị trí vàng đắc địa trung tâm.",,,,,
,"vô cùng đắc địa cạnh chợ Bến Thành. Phố đi bộ Nguyễn Huệ ga Metro, Vincom, Papkson...",,,,3.0,
,,,,,3.0,"3 tầng, khu dân cư, không bị QH. Tiện kinh doanh cho thuê. Hoặc xây dựng tòa nhà."
20.0,"trung tâm Quận 1. Dân trí. Tiện xây ở, vp cty, căn hộ dv...",,,,,
38.0,đoạn đẹp nhất khu đường hoa.,,,,,
45.0,đẹp. Khu tài chính. Xung quanh nhiều thương hiệu nổi tiếng. Đang cho thuê 160 triệuth.,,,,,
,"đẹp, khu vực vip nhất Q. Bình Thạnh, con đường trọng điểm, lề đường lớn, mát mẻ, mặt tiền sáng gần Nguyễn Gia Trí, xung quanh có nhiều dự án lớn, giá trị khai thác cao, di chuyển về Quận 1 rất gần.",,,,,
,"đẹp, khu vực Vip Quận 3, con đường trọng điểm, lề đường lớn, mặt tiền sáng đẹp gần Tôn Thất Tùng, CMT8, xung quanh có nhiều dự án lớn, giá tri khai thác cao, sát Quận 1.",,,,,
70.0,,,,,7.0,"7 tầng, thang máy."
,,,,,8.0,
,"Thương hiệu. Kinh doanh sầm uất. Nhà hàng, Khách sạn, Thời trang, Spa, thẩm mỹ viện...",,,,,
,,,3.0,,,
,,,,,,
105.0,"đẹp, sang trọng. Sàn trống Tiện làm cty vp. Đủ điều kiện làm Bệnh viện thẫm mỹ.",,,,8.0,
,"căn góc 2 đường, Trần Hưng Đạo 30m, đường nhánh 16m.",,,,3.0,
,,,,,3.0,
,,,,,6.0,
,"Cực đẹp ngõ to, phân lô, ô tô tải chạy vòng quanh.",,2.0,,,
,,,,,3.0,
,,,,,,
,,,,,4.0,"4 tầng, 1 tum 4 PN đủ công năng, giảm chào 2.5 tỷ."
,"rất đẹp nằm ngay khu vip Tân Hương, vài bước ra mặt tiền, 5p đến Aeon Mall Tân Phú, tiện ích đầy đủ xung quanh.",68.0,,,,
,,90.0,,,,
22.0,,,3.0,,,
,,,,,,
,,,,,,
,,,,,,
,,,,,,
,,,4.0,2.0,,
,"Nằm ngay trung tâm Sài Gòn, gần Chợ, Trường học các cấp, Uỷ ban nhân dân Quận",,3.0,3.0,,
,,,,,,
,,,,,,
,,,,,,
,"siêu đắc địa, đẹp nhất nhì khu nhà vườn. Nằm cạnh ngã 3, hướng công viên vườn hao, cây xanh bóng mát quanh nhà, chỗ đậu xe rộng mênh mông. Rất thuận lợi khi nhà có công việc hoặc tiếp đón khách.",,2.0,,,
,"Nằm gần Trường học các cấp, gần chợ, Bệnh viện, Uỷ Ban Quận.",,4.0,5.0,4.0,"4 tầng, có sân thượng.Tặng toàn bộ nội thất"
,"hiếm, đắc địa dễ kinh doanh mọi nghành nghề, HXH quay đầu,vài bước ra MT",,,,,
,,,,,5.0,
,"trung tâm quận đống đa, tầm tiền nhiều khách tìm, ngõ to rộng, bagac phi ầm ầm, ô tô suzuki cóc, xe vật liệu xây dựng vào tận nơi.",,2.0,,3.0,
,"Thuộc  KDC chợ đầu mối Tân Biên, cách QL1A 100m, Đầy đủ tiện ích xung quanh trong bán kính 300m. Nhà rộng, thông thoáng có thể làm văn phòng kinh doanh, ở đều rất thuận tiện.",,4.0,,,
,"Mặt tiền QL1A, gần ngã ba Trị An, thuộc xã Bình Minh, Trảng Bom. Gần chợ Hố Nai 3",,,,,
,"Mặt tiền trục đường Yết Kiêu, đường 2 chiều có công viên vui chơi  máy tập tập thể dục nâng cao sức khỏe ở giữa. Khu VIP đáng sống bậc nhất khu vực, nơi nghĩ ngơi lý tưởng sau ngày dài làm việc.",,,,,
,,,,,8.0,
,"gần UBND phường BTDB, CA phường, BV Quốc Tế, BV Nhà nước, trường học, chợ, Aeon Mall, siêu thị... tiện ích không thiếu gì cả.,",,,,,
,"hẻm đường 29 khu tên lửa, thông ra tỉnh lộ 10. gần chợ , siêu thị , trường học",,2.0,,,
,,,,,,
,,87.0,,,4.0,
,,,,,,
,,,3.0,3.0,2.0,"2 tầng, 3 phòng ngủ, 3 toilet,"
,"GẦN ngã tư Bình Triệu, TTTM Gigamall Đường Phạm Văn Đồng. Đối diện Đại học luật, nhà thờ Fatima,khu đô thị Vạn Phúc..",,5.0,,,
,,44.0,7.0,7.0,4.0,"4 tầng, 7 phòng ngủ, 7 toilet,"
,,,,,,
17.9,,,,,,
,,,3.0,,,
,,,,,,
,,,,,5.0,
,,,,,,
,,60.0,,,,
,,,,,3.0,"3 tầng, Nội thất cao cấp, Thang máy xịn."
,"khu vực nhà cao tầng, dân trí, cách đường lớn khoảng 30m.",63.0,4.0,,4.0,"4 tầng, với 4 phòng ngủ, sân thượng trước, sau."
,"rất đẹp, nằm ngay khu vip nhất Tân Phú, sát bên Đầm Sen Park, Trung Tâm Thương mại, giáp khu bàu cát Tân Bình.",,,,,
,"trung tâm, hiếm nhà bán. Khu vực gần trường, chợ...An ninh tốt, dân trí cao",,,,5.0,
7.4,,56.0,,,4.0,
,"trung tâm lõi Sapa, cách Hồ Sapa 600m",100126157.0,,,4.0,"4 tầng, mật độ xây dựng 80"
,,,,,,
,,,,,4.0,
,"Mặt tiền đường An Dương Vương, Phường An Lạc, Quận Bình Tân Số 324.",,,,,
,"Góc 2 mặt tiền đường lớn An Dương Vương và Đường số 1, Phường An Lạc, Quận Bình Tân. Phù hợp làm dự án, khu trung tâm thương mại, trường học.",,,,,
,"đắc địa, giáp Quận 1, Phú Nhuận, đầy đủ tiện ích.",,,,,
,"đẹp thuận tiện cho việc kinh doanh mua bán, gần mũi tàu Trường Chinh Cộng Hòa",,,,5.0,
,,,,,4.0,
,,,9.0,6.0,4.0,
,,,,,4.0,"4 tầng, đủ công năng cho gia đình 2 thế hệ."
,,,2.0,,3.0,
,,56.0,,,,
,,,,,,
,,,,,,
,,,1.0,,4.0,
15.0,,,,,,
,"nhà nằm trung tâm khu nhà vườn của đô thị Việt Hưng, Long Biên. Nhà nằm vị trí số 1 nhà vườn, ở miễn chê, nhìn ra vườn hoa thoáng đẹp. Khu vực được bố trí đường, hành lang giao thông thuận tiện, vườn hoa trước nhà, ô tô đỗ ngoài nhà nội khu thoải mái, an ninh tốt, dân trí cao.",,2.0,,5.0,
,"Căn góc 2 mặt tiền số 12 Đường số 1 và Đường số 2, Phường An Lạc, Quận Bình Tân.",,,,,
,sát đường tên lửa đoan tỉnh lộ 10 vào,,5.0,,,
,,,,,,
,"Đắc địa, hẻm xe hơi chạy tới nhà, thông ra đường Dương Bá Trạc, chợ Nguyễn Thị Tần, cách cầu Chữ Y tầm 200m, xe cộ tiện lưu thông, di chuyển dễ dàng qua các Quận tiếp giáp.",,,,,
,"Gần chợ Rạch Ông, cầu Chữ Y, xe cộ ra vào tấp nập, lưu thông dễ dàng sang các tuyến đường và các Quận lân cận.",,,,,
,,,,,,
19.5,,,6.0,,,
,"gần chợ, trường, siêu thị, bệnh viện, dịch vụ các kiểu. Thuận tiện vừa ở vừa kết hợp kinh doanh, văn phòng Cty, shop, cho thuê.",101.0,3.0,,3.0,"3 tầng, với 3 phòng ngủ, 3 phòng trọ cho thuê."
,,,,,,
,"Gần Đại Học Văn Hóa Đỗ Xuân Hợp,  khu dân cư Nam Thiên Lộc, trường Đại Học Cao Đẵng Kỹ Nghệ 2....di chuyển nhanh đến Xa Lộ Hà Nội, Bình Thạnh, Q1....",,3.0,,3.0,
,,,,,5.0,"5 tầng, đầy đủ công năng, nội thất hoàn thiện cơ bản, khách chỉ việc xách vali về ở."
,,,,,4.0,
,,,2.0,,4.0,
,"đắc địa tới vinhomes chỉ 10ph , đi về ngã tư Thủ đức chỉ 18ph",,,,,
,"Hoàng Hữu Nam , Long Thạnh Mỹ , Tp. Thủ Đức",,,,,
,,,4.0,,,
,,,2.0,,5.0,
,,,,,,
,,,,,5.0,
,,,,,,
,,,2.0,,8.0,
,"Dăm ba bước ra Hồ Tây, khu dân sinh hiện đại, văn minh.  Vị trí đắc địa,  xung quanh tiện ích ngập tràn, giao thông thuận tiện.Gần đường lớn Võ Chí Công, cách đầu ngõ vài mét, gần Lotte Võ Chí Công, ...",,,,8.0,
,,,2.0,,,
17.8,"khu vực Hồng TiếnBồ Đề, gần bệnh viện Tâm Anh, cách cầu Chương Dương 500m",,,,,
,"nhà nằm trung tâm Ngọc Thụy, Long Biên, tiện ích không thiếu gì, nhà gần chợ, trường học các cấp, rất tiện khi sang phố cổ Hoàn Kiếm, Ba Đình. Hạ tầng giao thông tại Ngọc Thụy đang được quận Long Biên đầu tư mạnh, kết nối các hướng liên thông, vườn hoa công viên đẹp.",,1.0,,,
,,,,,,
,,,,,,
,,,,,,
,,,1.0,,5.0,
8.5,,,,,,
,,,,,5.0,
,,50.0,3.0,,4.0,"4 tầng, 3 phòng ngủ đầy đủ công năng."
4.1,,,,,3.0,
,,,,,,
,"đắc địa, thuận tiện cho con cái đi học, cách trường học, bệnh viện và các tiện ích công cộng.",,,,3.0,"3 tầng, hướng Tây Bắc."
,"đắc địa ngay Tân Hương, Vườn Lài, Gò Dầu, 3p đến Aeon Mall Tân Phú, tiện ích xung quanh bùa quây, không thiếu thứ gì.",56.0,,,,
,,,,,4.0,
,,,3.0,,,
45.0,mặt phố khu vực Nguyễn Văn CừNgọc Lâm,,,,8.0,
8.5,,,,,,
,"đắc địa, dân trí cao, an ninh tốt, tiện ích bạt ngàn. Hãy nhanh tay sở hữu...",,,,,
,,,,,,
,,75.0,,,,
,,100.0,3.0,,,
,"nhà nằm giữa ngõ 193 Phúc Lợi, đối diện trường THPH Phúc Lợi, ngõ thông, ô tô qua lại. Nhà nằm gần trường học các cấp, cách chợ vài bước chân, tiện ích quanh nhà không thiếu gì. Hạ tầng giao thông đã hoàn chỉnh đẹp, thông thoáng với các khu lân cận Vũ Xuân Thiều, Sài Đồng, Vinhomes Riverside, KĐT Việt Hưng, ...",,3.0,,3.0,
,cách mặt tiền đường tầm khoảng 50m.,33.0,3.0,,4.0,
,,,,,5.0,"5 tầng, 4PN 4WC"
,,,,,4.0,"4 tầng, 1 tum 3 PN đủ công năng, giảm chào bán 2.75 tỷ."
,"ngay Thoại Ngọc Hầu, khu chợ vải Phú Thọ Hoà gần ngay mặt tiền, tiếp giáp bàu cát Tân Bình.",52.0,,,2.0,
,,,3.0,4.0,5.0,
6.3,,38.0,,,5.0,
,,,,,,
,,,,,2.0,
,"khu nhà cao tầng, an ninh, dân trí cao, đường Hồ Biểu Chánh Phường 11 Phú Nhuận. Thuận tiện qua Quận 1, Quận 3, sân bay Tân Sơn Nhất.",82.0,,,5.0,"5 tầng, mái BTCT. Nhà lô góc thoáng mát, đầy đủ công năng sử dụng. Xe hơi ngủ nhà."
,"cực đẹp, nằm ngay khu vip Tân Phú, Thoại Ngọc Hầu, Tân Hương, Gò Dầu, 5p đến Aeon Mall Tân Phú, tiếp giáp Bình Tân, Tân Bình.",58.0,,,,
,,,,,,
,,45.0,,,,
,,,,,,
,,,,,,
,,,,,5.0,"5 tầng, đầy đủ công năng, ngõ rộng rãi, thoáng, xe ba gác phi ầm ầm"
,,,,,,
,"tuyệt đỉnh Hẻm xe tải đỗ cửa, gần chợ , gần UBND Quận Tân Phú, Luỹ Bán Bích, Tô Hiệu, Lý Thánh Tông...",,,,,
,"nhà cực đẹp, sung quanh là các trường Đại Học lớn của Thủ Đô Hà Nội.",,2.0,,,
,"mặt phố trung tâm, lô góc 3 mặt tiền",,2.0,,4.0,
,"trung tâm quận Đống Đa, tầm tiền nhiều khách tìm, ngõ to rộng, bagac phi ầm ầm, ô tô suzuki cóc, xe vật liệu xây dựng vào tận nơi.",,,,3.0,
,,,,,,
,,,3.0,,,
,"rất đẹp ngay CV Đầm Sen Park, giáp Q11, thuận tiện di chuyển vô trung tâm.",64.0,,,,
,,,,,,
,,,,,,
,,,,,,
,"Trung tâm Bình Trị Đông B, khu Tên Lửa Aeonmall Bình Tân, ngay giao lộ Đường số 1 và đường Vành Đai.,",,,,4.0,
,,,,,,
,,,,,,
,Gần KCX Linh Trung.Chợ Đêm Linh Trung,,,,,
,,,,,3.0,
,,,,,,
,,,3.0,,3.0,
,,,,,,
,,,4.0,,5.0,
,,,,,,
,,,5.0,6.0,,
,,,,,,
,"mặt phố, rất đẹp, ô tô đỗ cửa. Gần nhiều trường học, bệnh viện, trung tâm hành chính, thương mại. Giao thông thuận tiện, an sinh đỉnh.",,1.0,,7.0,
,"đẹp, ô tô 4 chỗ đỗ cửa, ngõ thông các ngõ. Gần nhiều trường học, bệnh viện, trung tâm hành chính, thương mại. Giao thông thuận tiện, dân trí cao, an sinh đỉnh.",,,,6.0,
,,45.0,4.0,,4.0,
,"sát mặt tiền Song Hành, Trường Chinh, Q. 12.",,,,3.0,"3 tầng, 1 trệt 1 lửng 1 lầu, 3 PN, nhà mới."
,,,1.0,,,
,"đắc địa, khu vực chợ Tân Mỹ giao thương sầm uất nhất Quận 7.",,,,,
,nhà gần ngay đầu phố Thụy Khuê giao với đường Lạc Long Quân. Cách phố 30m,,1.0,,5.0,
,"đắc địa trung tâm đường An Dương Vương, P. An Lạc, Quận Bình Tân, TPHCM.",,,,,
,"đường Nguyễn Văn Khối đường Số 11 gần Công viên Làng Hoa, siêu thị, chợ Hạnh Thông Tây, các dịch vụ tiện ích khác.",76.0,4.0,,4.0,"4 tầng, 4 phòng ngủ, phòng tập Gym, phòng giải trí."
,,,,,,
,,,,,,
,,,3.0,,,
,,,,,,
,,,,,3.0,
,,,,,,
,,,,,,
,"đẹp, mặt tiền hẻm 3m thông thoáng, cách đường chính chỉ 20m.",,,,,
,"gần ngã tư Bình Thái ,Metro ,Đại học Công Thương",,,,2.0,
,"đắc địa phù hợp đầu tư vừa ờ và kinh doanh nhà hàng, văn phòng, phòng khám, 3 mặt đều đường lớn, trục chính lưu lượng cư dân qua lại tấp nập.",,,,3.0,
,"Lã Xuân Oai, Tăng Nhơn Phú A, Q.9",60.0,,,2.0,
,"đi lại sang phố cổ gần. Xung quanh tiện ích bạt ngàn, đón đầu dự án thành phố ven sông.",,,,6.0,
,"nhà nằm đầu góc của dãy trung tâm dự án, đường phân lô, vỉa hè rộng thoáng, đi lại thuận tiện các ngả, thuộc trục đường rộng nhất khu FLC. Dự án nhà ở EcoHome của FLC tại phố Sài Đồng là dự án điểm với không gian đẹp được xây dựng toàn bộ các căn liền kề thuộc khu dân cư dự án riêng độc lập, văn minh, luôn có bảo vệ và dịch vụ 2424.",,,,5.0,"5 tầng, chủ nhà đã hoàn thiện đẹp đang sử dụng"
,,,,,,
,,,4.0,,,
,"cực kỳ thuận lợi, chỉ cần 3 bước chân là bạn đã đến Bùi Viện và Võ Nguyên Giáp.",,,,,
,"Nhà mặt tiền đang kinh doanh, gần trường Tiểu học Võ Thị Sáu, Nhà Thiếu nhi Gò Vấp.",33.0,,,3.0,
,gần trường Đại học Tài Chính Marketing tiện kinh doanh,,,,,
,"nhà mặt tiền đường Số 1 phường 11 Gò Vấp, khu vực kinh doanh, tiện ích xung quanh không thiếu thứ gì, kết nối giao thông thuận lợi.",87.0,,,4.0,"4 tầng, sân để xe rộng rãi, sân thượng thoáng mát."
